CO,Vict num,Tot vic,Tot susp,V sex,V race,V age,Crm Stat,VO_1,VO_2,VO_3,VO_4,Inc MO,Inc day,Inc YR,Week day,Death YR,Means of Death,Loc,PE,Spec Circ
1,1.0,1.0,1.0,2.0,B,18,1,23,,,,6,29,2015,2.0,2015.0,2,02,62,0.0
1,1.0,1.0,1.0,2.0,W,20,1,23,,,,8,24,2015,2.0,2015.0,2,06,99,999.0
1,1.0,1.0,1.0,1.0,B,73,1,22,,,,12,3,2015,5.0,2015.0,2,03,62,0.0
1,1.0,1.0,1.0,2.0,K,38,1,2,,,,12,7,2015,2.0,2015.0,25,24,62,999.0
1,1.0,1.0,1.0,1.0,B,35,1,1,,,,2,24,2015,3.0,2015.0,6,16,62,0.0
1,1.0,1.0,2.0,1.0,H,38,1,29,40.0,,,12,8,2015,3.0,2015.0,2,18,46,140.0
3,1.0,1.0,1.0,2.0,W,53,1,2,,,,4,4,2015,7.0,2015.0,2,24,62,0.0
5,1.0,1.0,1.0,2.0,W,64,1,2,,,,12,22,2015,3.0,2015.0,3,24,62,0.0
7,1.0,1.0,1.0,2.0,H,26,1,2,,,,9,10,2015,5.0,2015.0,1,02,45,140.0
7,1.0,1.0,1.0,1.0,B,69,1,22,,,,11,19,2015,5.0,2015.0,11,02,44,0.0
7,1.0,1.0,1.0,1.0,B,17,1,22,,,,12,4,2015,6.0,2015.0,2,01,99,999.0
7,1.0,1.0,1.0,2.0,W,67,1,2,,,,7,6,2015,2.0,2015.0,1,02,62,999.0
9,1.0,1.0,1.0,2.0,W,50,1,2,,,,4,3,2015,6.0,2015.0,7,02,62,0.0
10,1.0,2.0,1.0,2.0,A,47,1,2,,,,4,18,2015,7.0,2015.0,2,19,40,0.0
10,1.0,1.0,1.0,2.0,W,62,1,23,,,,12,28,2015,2.0,2015.0,2,99,99,999.0
10,1.0,1.0,1.0,2.0,A,33,1,2,,,,3,31,2015,3.0,2015.0,4,99,62,0.0
10,1.0,1.0,1.0,1.0,B,47,1,22,,,,6,26,2015,6.0,2015.0,6,99,62,0.0
10,2.0,2.0,1.0,2.0,H,37,1,2,,,,1,15,2015,5.0,2015.0,2,24,62,0.0
15,1.0,1.0,1.0,1.0,H,52,1,22,,,,10,4,2015,1.0,2015.0,6,02,45,999.0
15,1.0,1.0,1.0,2.0,W,55,1,2,,,,3,10,2015,3.0,2015.0,4,13,62,0.0
19,1.0,1.0,1.0,2.0,W,51,1,2,,,,2,15,2015,1.0,2015.0,2,24,62,0.0
19,1.0,1.0,1.0,2.0,H,26,1,23,,,,6,4,2015,5.0,2015.0,25,02,62,0.0
19,1.0,1.0,1.0,1.0,H,59,1,22,,,,6,16,2015,3.0,2015.0,7,03,62,0.0
19,1.0,1.0,1.0,1.0,B,61,1,22,,,,8,19,2015,4.0,2015.0,6,02,45,0.0
19,1.0,1.0,1.0,2.0,W,26,1,2,,,,10,24,2015,7.0,2015.0,7,24,62,0.0
19,1.0,1.0,1.0,2.0,B,63,1,23,,,,11,13,2015,6.0,2015.0,2,02,62,0.0
19,1.0,1.0,1.0,2.0,H,21,1,23,,,,11,16,2015,2.0,2015.0,7,99,62,0.0
19,1.0,1.0,1.0,2.0,H,35,1,23,,,,8,23,2015,1.0,2015.0,6,13,45,0.0
19,1.0,2.0,1.0,2.0,H,26,1,23,,,,10,21,2015,4.0,2015.0,20,24,62,0.0
19,2.0,2.0,1.0,2.0,C,58,1,2,,,,9,9,2015,4.0,2015.0,6,24,62,0.0
19,1.0,1.0,1.0,2.0,H,36,1,23,,,,7,24,2015,6.0,2015.0,2,02,62,0.0
19,1.0,1.0,1.0,2.0,H,32,1,23,,,,11,11,2015,4.0,2015.0,2,02,62,0.0
19,1.0,1.0,1.0,2.0,O,57,1,2,,,,2,4,2015,4.0,2015.0,2,24,62,0.0
19,1.0,1.0,1.0,1.0,W,45,1,29,,,,12,6,2015,1.0,2015.0,8,02,62,0.0
19,1.0,1.0,1.0,2.0,B,25,1,23,,,,12,22,2015,3.0,2015.0,2,16,62,0.0
19,1.0,1.0,1.0,2.0,H,25,1,23,,,,5,6,2015,4.0,2015.0,6,01,62,0.0
19,1.0,1.0,1.0,2.0,W,37,1,2,,,,7,17,2015,6.0,2015.0,1,24,62,0.0
19,1.0,1.0,1.0,1.0,B,40,1,1,,,,9,4,2015,6.0,2015.0,2,02,62,0.0
19,1.0,1.0,1.0,2.0,H,73,1,2,,,,2,17,2015,3.0,2015.0,2,24,62,0.0
19,1.0,1.0,1.0,2.0,W,41,1,4,,,,12,25,2015,6.0,2015.0,13,16,62,0.0
19,1.0,1.0,1.0,2.0,W,47,1,23,,,,7,22,2015,4.0,2015.0,6,02,62,0.0
19,1.0,1.0,1.0,2.0,W,21,1,23,,,,8,12,2015,4.0,2015.0,2,24,62,0.0
19,1.0,1.0,1.0,2.0,O,47,1,23,,,,10,11,2015,1.0,2015.0,2,02,62,0.0
19,1.0,1.0,1.0,2.0,B,77,1,2,,,,4,12,2015,1.0,2015.0,6,24,62,0.0
19,1.0,1.0,1.0,1.0,B,34,1,22,,,,6,25,2015,5.0,2015.0,2,02,62,0.0
19,1.0,1.0,1.0,2.0,W,32,1,2,,,,9,6,2015,1.0,2015.0,2,02,62,0.0
19,1.0,1.0,1.0,2.0,H,48,1,2,,,,9,16,2015,4.0,2015.0,2,02,62,0.0
21,1.0,1.0,1.0,2.0,W,87,1,2,,,,2,22,2015,1.0,2015.0,2,99,99,0.0
23,1.0,1.0,1.0,2.0,W,78,1,2,,,,7,31,2015,6.0,2015.0,2,02,99,999.0
24,1.0,1.0,1.0,2.0,H,63,1,2,,,,8,15,2015,7.0,2015.0,1,02,99,999.0
24,1.0,1.0,1.0,2.0,H,23,1,23,,,,12,27,2015,1.0,2015.0,25,02,62,0.0
27,1.0,1.0,1.0,2.0,W,50,1,23,,,,1,28,2015,4.0,2015.0,6,02,62,0.0
27,1.0,1.0,1.0,2.0,A,58,1,2,,,,12,10,2015,5.0,2015.0,6,02,26,0.0
28,1.0,1.0,1.0,2.0,W,40,1,23,,,,9,17,2015,5.0,2015.0,0,01,62,0.0
30,1.0,1.0,1.0,2.0,H,36,1,2,,,,2,20,2015,6.0,2015.0,1,13,62,0.0
30,1.0,2.0,1.0,2.0,B,24,1,2,,,,6,22,2015,2.0,2015.0,6,13,62,0.0
30,1.0,1.0,1.0,1.0,H,54,1,29,,,,4,26,2015,1.0,2015.0,6,02,62,0.0
33,1.0,1.0,1.0,2.0,B,28,1,2,,,,12,8,2015,3.0,2015.0,6,02,62,0.0
33,2.0,2.0,1.0,2.0,H,23,1,2,,,,1,4,2015,1.0,2015.0,3,02,99,0.0
33,1.0,1.0,1.0,2.0,B,36,1,2,,,,7,28,2015,3.0,2015.0,3,02,99,0.0
33,1.0,1.0,1.0,1.0,W,40,1,22,,,,10,9,2015,6.0,2015.0,2,14,99,999.0
34,1.0,1.0,1.0,2.0,W,52,1,2,,,,4,9,2015,5.0,2015.0,2,24,62,0.0
34,1.0,1.0,1.0,2.0,A,83,1,2,,,,6,5,2015,6.0,2015.0,6,24,62,0.0
34,1.0,1.0,1.0,2.0,W,55,1,2,,,,10,24,2015,7.0,2015.0,2,24,62,0.0
34,1.0,1.0,1.0,2.0,W,37,1,2,,,,11,14,2015,7.0,2015.0,2,02,62,0.0
34,1.0,1.0,1.0,2.0,W,40,1,23,,,,12,9,2015,4.0,2015.0,7,02,62,0.0
34,1.0,1.0,1.0,2.0,W,25,1,2,,,,12,21,2015,2.0,2015.0,6,02,62,0.0
34,1.0,1.0,1.0,1.0,W,68,1,22,,,,8,8,2015,7.0,2015.0,6,24,62,0.0
34,1.0,1.0,1.0,2.0,W,46,1,23,,,,3,16,2015,2.0,2015.0,11,02,62,0.0
34,1.0,1.0,1.0,2.0,W,32,1,23,,,,3,26,2015,5.0,2015.0,7,24,62,0.0
36,1.0,1.0,1.0,2.0,B,37,1,23,,,,12,23,2015,4.0,2015.0,1,04,62,0.0
36,1.0,1.0,1.0,2.0,H,50,1,2,,,,5,8,2015,6.0,2015.0,6,24,62,0.0
36,1.0,1.0,1.0,1.0,W,66,1,1,,,,7,30,2015,5.0,2015.0,7,02,62,0.0
36,1.0,1.0,1.0,1.0,B,35,1,1,,,,5,4,2015,2.0,2015.0,1,02,62,0.0
37,2.0,2.0,1.0,1.0,H,32,1,22,,,,1,16,2015,6.0,2015.0,4,03,62,0.0
37,2.0,2.0,1.0,2.0,W,28,1,23,,,,5,1,2015,6.0,2015.0,2,02,62,0.0
37,1.0,1.0,1.0,2.0,W,43,1,23,,,,7,27,2015,2.0,2015.0,6,02,62,0.0
37,1.0,1.0,1.0,1.0,O,30,1,22,,,,10,16,2015,6.0,2015.0,2,24,62,0.0
37,1.0,1.0,1.0,2.0,H,38,1,2,,,,12,29,2015,3.0,2015.0,6,03,62,0.0
37,1.0,1.0,1.0,2.0,O,59,1,23,,,,1,7,2015,4.0,2015.0,1,24,26,0.0
37,1.0,1.0,1.0,2.0,C,42,1,2,,,,1,20,2015,3.0,2015.0,1,02,45,0.0
37,1.0,1.0,1.0,1.0,W,48,1,1,,,,4,12,2015,1.0,2015.0,6,16,45,0.0
37,1.0,1.0,1.0,2.0,W,37,1,2,,,,6,6,2015,7.0,2015.0,4,06,45,0.0
37,1.0,1.0,1.0,2.0,W,61,1,23,,,,8,4,2015,3.0,2015.0,8,99,62,0.0
37,1.0,1.0,1.0,2.0,H,35,1,2,,,,11,8,2015,1.0,2015.0,1,01,62,0.0
37,1.0,1.0,1.0,2.0,W,84,1,2,,,,6,1,2015,2.0,2015.0,2,02,62,0.0
38,1.0,1.0,1.0,1.0,O,37,1,1,,,,2,4,2015,4.0,2015.0,2,16,62,192.0
38,1.0,1.0,1.0,2.0,B,43,1,23,,,,7,25,2015,7.0,2015.0,2,13,45,999.0
38,1.0,1.0,1.0,1.0,W,58,1,22,,,,1,28,2015,4.0,2015.0,0,01,99,999.0
38,1.0,1.0,1.0,2.0,H,60,1,23,,,,12,13,2015,1.0,2015.0,8,02,62,999.0
41,1.0,1.0,1.0,2.0,W,34,1,23,,,,11,28,2015,7.0,2015.0,6,02,62,0.0
41,1.0,1.0,1.0,2.0,W,91,1,2,,,,6,13,2015,7.0,2015.0,6,02,26,0.0
42,1.0,1.0,1.0,2.0,W,45,1,2,,,,10,8,2015,5.0,2015.0,2,02,62,0.0
43,1.0,1.0,1.0,2.0,F,20,1,23,,,,10,5,2015,2.0,2015.0,6,02,62,150.0
43,1.0,1.0,1.0,2.0,H,33,1,23,,,,4,7,2015,3.0,2015.0,2,15,62,0.0
43,1.0,1.0,1.0,2.0,K,30,1,23,,,,9,12,2015,7.0,2015.0,8,02,62,0.0
43,1.0,1.0,1.0,2.0,H,27,1,23,,,,10,26,2015,2.0,2015.0,6,13,62,0.0
43,1.0,1.0,1.0,2.0,H,53,1,23,,,,11,9,2015,2.0,2015.0,2,02,62,0.0
43,1.0,1.0,1.0,2.0,A,77,1,2,,,,12,22,2015,3.0,2015.0,2,02,26,0.0
47,1.0,1.0,1.0,2.0,W,34,1,23,,,,7,1,2015,4.0,2015.0,6,02,62,140.0
48,1.0,1.0,1.0,1.0,W,45,1,1,,,,10,25,2015,1.0,2015.0,6,24,99,0.0
48,1.0,2.0,1.0,2.0,F,35,1,25,,,,7,23,2015,5.0,2015.0,2,13,45,0.0
50,1.0,1.0,1.0,2.0,W,48,1,2,,,,7,27,2015,2.0,2015.0,7,99,62,0.0
50,1.0,3.0,1.0,2.0,W,56,1,2,,,,1,1,2015,5.0,2015.0,2,24,99,0.0
50,5.0,5.0,1.0,2.0,W,38,1,23,,,,7,18,2015,7.0,2015.0,6,02,62,0.0
52,2.0,2.0,1.0,2.0,W,29,1,25,,,,7,2,2015,5.0,2015.0,3,07,45,0.0
54,1.0,1.0,1.0,1.0,W,31,1,24,,,,2,6,2015,6.0,2015.0,2,02,46,150.0
54,1.0,1.0,1.0,2.0,W,58,1,2,,,,4,9,2015,5.0,2015.0,4,24,99,0.0
54,1.0,1.0,1.0,2.0,H,40,1,2,,,,4,11,2015,7.0,2015.0,2,03,62,150.0
58,1.0,1.0,1.0,2.0,W,31,1,23,,,,11,22,2015,1.0,2015.0,3,13,45,0.0
19,1.0,1.0,1.0,2.0,W,25,1,2,,,,5,24,2015,1.0,2015.0,7,02,62,0.0
19,1.0,1.0,1.0,1.0,B,33,1,29,,,,1,31,2015,7.0,2015.0,6,03,62,0.0
19,1.0,1.0,1.0,2.0,H,32,1,23,,,,3,28,2015,7.0,2015.0,6,15,62,0.0
19,1.0,1.0,1.0,2.0,O,50,1,2,,,,5,7,2015,5.0,2015.0,6,24,62,0.0
19,1.0,1.0,1.0,2.0,H,72,1,2,,,,1,10,2015,7.0,2015.0,2,24,62,0.0
19,1.0,1.0,1.0,2.0,H,45,1,2,,,,2,8,2015,1.0,2015.0,6,24,62,0.0
19,1.0,1.0,1.0,2.0,H,45,1,2,,,,5,7,2015,5.0,2015.0,1,02,62,0.0
19,1.0,1.0,1.0,2.0,H,36,1,2,,,,5,9,2015,7.0,2015.0,2,14,62,0.0
19,1.0,1.0,1.0,2.0,B,50,1,23,,,,3,23,2015,2.0,2015.0,0,03,62,0.0
19,1.0,1.0,1.0,2.0,B,28,1,23,,,,8,3,2015,2.0,2015.0,2,24,62,0.0
19,1.0,1.0,1.0,1.0,O,57,1,29,,,,8,19,2015,4.0,2015.0,11,24,62,0.0
19,1.0,1.0,1.0,2.0,H,36,1,4,,,,9,10,2015,5.0,2015.0,11,02,62,0.0
19,1.0,1.0,1.0,2.0,B,33,1,23,,,,11,7,2015,7.0,2015.0,8,02,62,0.0
33,1.0,1.0,1.0,2.0,H,20,1,23,,,,8,12,2015,4.0,2015.0,11,03,99,999.0
34,1.0,1.0,1.0,2.0,A,77,1,2,,,,2,23,2015,2.0,2015.0,6,24,26,0.0
15,1.0,1.0,1.0,2.0,W,55,1,23,,,,10,8,2015,5.0,2015.0,6,16,62,0.0
17,1.0,1.0,1.0,2.0,W,58,1,23,,,,5,23,2015,7.0,2015.0,2,02,62,0.0
19,3.0,3.0,1.0,2.0,W,54,1,2,,,,12,31,2015,5.0,2015.0,2,24,62,0.0
19,1.0,1.0,1.0,2.0,U,31,1,25,,,,2,25,2015,4.0,2015.0,1,03,62,0.0
30,1.0,1.0,1.0,1.0,H,25,1,22,,,,8,5,2015,4.0,2015.0,1,02,62,0.0
30,1.0,1.0,1.0,2.0,W,73,1,2,,,,2,3,2015,3.0,2015.0,8,02,62,0.0
30,1.0,1.0,1.0,1.0,W,52,1,22,,,,2,21,2015,7.0,2015.0,6,02,62,0.0
33,1.0,1.0,1.0,2.0,H,30,1,2,,,,5,6,2015,4.0,2015.0,2,02,99,999.0
33,1.0,1.0,1.0,2.0,H,32,1,2,,,,12,17,2015,5.0,2015.0,7,02,99,0.0
36,1.0,1.0,1.0,2.0,H,21,1,23,,,,10,3,2015,7.0,2015.0,6,24,62,0.0
36,1.0,1.0,1.0,2.0,A,70,1,2,,,,10,8,2015,5.0,2015.0,2,24,62,0.0
36,1.0,1.0,1.0,2.0,W,45,1,23,,,,6,25,2015,5.0,2015.0,11,02,62,0.0
37,1.0,1.0,1.0,1.0,W,44,1,29,,,,4,25,2015,7.0,2015.0,6,03,62,0.0
37,1.0,1.0,1.0,2.0,H,46,1,2,,,,12,5,2015,7.0,2015.0,1,03,62,0.0
37,1.0,1.0,1.0,2.0,W,73,1,2,,,,10,12,2015,2.0,2015.0,11,02,99,0.0
37,1.0,1.0,1.0,2.0,O,74,1,2,,,,2,22,2015,1.0,2015.0,13,02,26,0.0
37,1.0,1.0,1.0,2.0,O,25,1,23,,,,4,1,2015,4.0,2015.0,2,02,26,0.0
38,1.0,1.0,1.0,2.0,W,51,1,23,,,,10,7,2015,4.0,2015.0,2,03,99,999.0
42,1.0,1.0,1.0,2.0,H,41,1,2,,,,6,5,2015,6.0,2015.0,6,16,62,0.0
19,1.0,1.0,1.0,2.0,H,21,1,23,,,,12,20,2015,1.0,2015.0,4,24,62,0.0
33,1.0,1.0,1.0,2.0,H,23,1,23,,,,12,31,2015,5.0,2015.0,6,15,99,999.0
1,1.0,1.0,1.0,2.0,H,22,1,23,,,,2,14,2016,1.0,2016.0,2,16,62,140.0
1,1.0,1.0,1.0,1.0,W,63,1,1,,,,8,5,2016,6.0,2016.0,1,02,62,140.0
1,2.0,2.0,1.0,2.0,B,48,1,23,,,,7,2,2016,7.0,2016.0,2,02,62,0.0
1,1.0,1.0,2.0,2.0,H,21,1,29,40.0,,,11,3,2016,5.0,2016.0,6,18,62,0.0
1,1.0,1.0,1.0,2.0,H,19,1,23,,,,11,13,2016,1.0,2016.0,2,01,62,0.0
7,1.0,1.0,1.0,2.0,O,28,1,23,,,,4,13,2016,4.0,2016.0,2,16,99,140.0
7,1.0,1.0,1.0,1.0,H,27,1,22,,,,5,2,2016,2.0,2016.0,2,05,62,140.0
7,1.0,1.0,1.0,2.0,B,25,1,23,,,,5,16,2016,2.0,2016.0,8,16,62,140.0
7,1.0,1.0,1.0,1.0,A,22,1,22,,,,12,14,2016,4.0,2016.0,15,06,99,0.0
7,1.0,1.0,1.0,2.0,O,23,1,2,,,,5,29,2016,1.0,2016.0,11,02,26,10.0
7,1.0,1.0,1.0,2.0,W,54,1,2,,,,2,22,2016,2.0,2016.0,4,02,99,999.0
10,1.0,1.0,1.0,2.0,A,22,1,23,,,,3,8,2016,3.0,2016.0,6,02,62,0.0
10,1.0,1.0,1.0,1.0,H,78,1,1,,,,5,19,2016,5.0,2016.0,7,24,45,0.0
10,1.0,1.0,1.0,2.0,H,36,1,2,,,,10,19,2016,4.0,2016.0,2,24,45,0.0
10,1.0,1.0,1.0,2.0,H,22,1,23,,,,11,6,2016,1.0,2016.0,6,24,62,0.0
10,1.0,1.0,1.0,2.0,H,50,1,2,,,,11,29,2016,3.0,2016.0,6,02,62,0.0
13,1.0,1.0,1.0,2.0,W,39,1,23,,,,4,29,2016,6.0,2016.0,3,16,45,0.0
14,1.0,1.0,1.0,2.0,W,62,1,2,,,,7,5,2016,3.0,2016.0,2,03,62,10.0
15,1.0,1.0,1.0,2.0,H,30,1,23,,,,12,10,2016,7.0,2016.0,11,16,62,140.0
15,1.0,1.0,1.0,2.0,H,41,1,2,,,,7,18,2016,2.0,2016.0,25,13,40,999.0
16,1.0,1.0,1.0,2.0,W,48,1,23,,,,1,26,2016,3.0,2016.0,6,03,62,0.0
16,2.0,2.0,1.0,2.0,H,34,1,25,,,,11,14,2016,2.0,2016.0,2,02,99,0.0
19,1.0,1.0,1.0,2.0,W,71,1,2,,,,4,8,2016,6.0,2016.0,4,24,62,0.0
19,1.0,1.0,1.0,1.0,H,50,1,22,,,,5,8,2016,1.0,2016.0,15,06,62,0.0
19,1.0,1.0,1.0,2.0,H,44,1,2,,,,4,20,2016,4.0,2016.0,2,99,45,0.0
19,1.0,1.0,1.0,2.0,W,30,1,23,,,,5,26,2016,5.0,2016.0,6,24,62,0.0
19,1.0,1.0,1.0,2.0,H,77,1,2,,,,4,21,2016,5.0,2016.0,6,02,45,999.0
19,1.0,2.0,1.0,2.0,W,22,1,23,,,,1,17,2016,1.0,2016.0,1,02,62,0.0
19,1.0,1.0,1.0,2.0,B,33,1,23,,,,9,7,2016,4.0,2016.0,2,02,62,0.0
19,1.0,1.0,1.0,2.0,W,24,1,23,,,,10,19,2016,4.0,2016.0,2,02,62,0.0
19,1.0,2.0,1.0,2.0,H,23,1,23,,,,10,24,2016,2.0,2016.0,2,13,62,0.0
19,1.0,1.0,1.0,2.0,H,39,1,2,,,,1,8,2016,6.0,2016.0,2,16,62,0.0
19,1.0,1.0,1.0,1.0,W,32,1,29,,,,3,23,2016,4.0,2016.0,2,16,62,0.0
19,1.0,1.0,1.0,2.0,H,41,1,23,,,,4,7,2016,5.0,2016.0,7,02,62,0.0
19,1.0,1.0,1.0,2.0,H,32,1,4,,,,4,12,2016,3.0,2016.0,2,24,62,0.0
19,1.0,1.0,1.0,1.0,B,20,1,22,,,,4,20,2016,4.0,2016.0,6,24,62,0.0
19,1.0,1.0,1.0,2.0,H,26,1,4,,,,5,20,2016,6.0,2016.0,2,24,62,0.0
19,1.0,1.0,1.0,1.0,W,48,1,29,,,,7,8,2016,6.0,2016.0,11,02,62,0.0
19,1.0,1.0,1.0,2.0,W,85,1,2,,,,7,25,2016,2.0,2016.0,2,24,62,0.0
19,1.0,1.0,1.0,1.0,B,34,1,3,,,,8,27,2016,7.0,2016.0,6,24,62,0.0
19,1.0,1.0,1.0,2.0,H,43,1,23,,,,11,17,2016,5.0,2016.0,2,16,62,0.0
19,1.0,1.0,1.0,2.0,B,47,1,23,,,,11,27,2016,1.0,2016.0,7,01,62,0.0
19,1.0,1.0,1.0,2.0,B,50,1,23,,,,12,3,2016,7.0,2016.0,7,16,62,0.0
19,1.0,1.0,1.0,1.0,H,21,1,22,,,,3,1,2016,3.0,2016.0,6,00,62,0.0
19,1.0,1.0,1.0,2.0,D,40,1,23,,,,4,13,2016,4.0,2016.0,6,02,62,0.0
19,1.0,1.0,1.0,2.0,W,29,1,23,,,,12,5,2016,2.0,2016.0,25,99,62,0.0
19,1.0,1.0,1.0,2.0,W,58,1,23,,,,3,12,2016,7.0,2016.0,7,15,62,0.0
19,1.0,1.0,1.0,2.0,H,23,1,23,,,,6,9,2016,5.0,2016.0,15,15,62,0.0
19,1.0,1.0,1.0,2.0,H,16,1,23,,,,8,12,2016,6.0,2016.0,6,02,62,0.0
19,1.0,1.0,1.0,2.0,B,32,1,2,,,,4,3,2016,1.0,2016.0,6,24,62,0.0
19,1.0,1.0,1.0,2.0,H,33,1,2,,,,7,4,2016,2.0,2016.0,8,24,62,0.0
19,1.0,1.0,1.0,2.0,A,50,1,2,,,,9,29,2016,5.0,2016.0,2,24,62,0.0
26,1.0,1.0,1.0,2.0,W,75,1,2,,,,6,19,2016,1.0,2016.0,1,02,62,999.0
30,1.0,1.0,1.0,2.0,H,42,1,25,,,,5,12,2016,5.0,2016.0,2,06,62,0.0
30,1.0,1.0,1.0,2.0,O,59,1,2,,,,6,16,2016,5.0,2016.0,2,13,62,0.0
30,1.0,1.0,1.0,2.0,W,39,1,23,,,,3,1,2016,3.0,2016.0,8,02,62,0.0
30,1.0,1.0,1.0,2.0,W,50,1,23,,,,12,2,2016,6.0,2016.0,7,02,45,0.0
30,1.0,1.0,1.0,2.0,H,43,1,2,,,,5,31,2016,3.0,2016.0,2,00,62,0.0
30,1.0,1.0,1.0,2.0,W,57,1,2,,,,9,14,2016,4.0,2016.0,8,24,99,0.0
30,1.0,1.0,1.0,1.0,W,46,1,1,,,,10,27,2016,5.0,2016.0,2,24,99,0.0
31,1.0,1.0,1.0,2.0,H,31,1,23,,,,7,10,2016,1.0,2016.0,2,00,99,0.0
33,1.0,1.0,1.0,2.0,H,38,1,23,,,,5,12,2016,5.0,2016.0,6,16,62,0.0
33,1.0,1.0,1.0,2.0,H,32,1,23,,,,3,20,2016,1.0,2016.0,6,02,62,0.0
33,1.0,1.0,1.0,2.0,W,55,1,2,,,,4,25,2016,2.0,2016.0,2,02,62,999.0
33,1.0,1.0,1.0,2.0,H,44,1,23,,,,11,20,2016,1.0,2016.0,6,02,99,0.0
33,1.0,1.0,1.0,2.0,W,23,1,23,,,,7,10,2016,1.0,2016.0,6,16,99,0.0
33,1.0,1.0,1.0,2.0,W,48,1,23,,,,6,24,2016,6.0,2016.0,2,03,99,999.0
33,1.0,1.0,1.0,2.0,W,77,1,2,,,,4,4,2016,2.0,2016.0,4,01,26,0.0
34,1.0,1.0,1.0,2.0,W,28,1,23,,,,11,23,2016,4.0,2016.0,2,02,62,0.0
34,1.0,1.0,1.0,2.0,O,31,1,23,,,,3,14,2016,2.0,2016.0,2,13,62,0.0
34,1.0,1.0,1.0,2.0,W,49,1,23,,,,3,20,2016,1.0,2016.0,7,13,99,0.0
34,1.0,1.0,1.0,1.0,B,34,1,22,,,,8,28,2016,1.0,2016.0,2,13,99,0.0
34,1.0,1.0,1.0,2.0,B,68,1,23,,,,10,15,2016,7.0,2016.0,6,13,99,0.0
34,1.0,1.0,1.0,1.0,O,35,1,3,,,,10,4,2015,1.0,2015.0,8,13,62,0.0
34,1.0,1.0,1.0,2.0,H,48,1,23,,,,11,25,2016,6.0,2016.0,7,01,62,0.0
34,1.0,1.0,1.0,2.0,B,34,1,23,,,,3,28,2016,2.0,2016.0,5,13,62,0.0
36,1.0,1.0,1.0,2.0,W,56,1,2,,,,4,19,2016,3.0,2016.0,13,24,9,178.0
36,1.0,1.0,1.0,2.0,H,27,1,23,,,,1,2,2016,7.0,2016.0,15,03,62,0.0
36,1.0,1.0,1.0,2.0,H,22,1,23,,,,11,17,2016,5.0,2016.0,1,02,62,0.0
36,1.0,1.0,1.0,2.0,W,29,1,23,,,,7,30,2016,7.0,2016.0,1,02,62,0.0
36,1.0,1.0,1.0,1.0,B,21,1,22,,,,1,11,2016,2.0,2016.0,6,02,62,0.0
36,1.0,1.0,1.0,2.0,H,33,1,2,,,,3,16,2016,4.0,2016.0,1,15,62,0.0
37,1.0,1.0,1.0,2.0,W,34,1,2,,,,1,1,2016,6.0,2016.0,2,02,62,0.0
37,1.0,1.0,1.0,2.0,W,48,1,23,,,,11,18,2016,6.0,2016.0,11,02,62,0.0
37,1.0,1.0,1.0,1.0,H,29,1,22,,,,11,18,2016,6.0,2016.0,6,02,62,0.0
37,1.0,1.0,1.0,2.0,W,64,1,23,,,,9,11,2016,1.0,2016.0,2,24,62,0.0
37,1.0,1.0,1.0,2.0,W,30,1,23,,,,6,10,2016,6.0,2016.0,8,13,99,0.0
37,1.0,1.0,1.0,2.0,H,49,1,2,,,,6,24,2016,6.0,2016.0,3,02,62,0.0
37,1.0,1.0,1.0,2.0,B,35,1,23,,,,9,29,2016,5.0,2016.0,1,07,45,0.0
37,1.0,1.0,1.0,2.0,B,29,1,23,,,,10,12,2016,4.0,2016.0,2,02,62,0.0
38,1.0,1.0,1.0,2.0,A,60,1,2,,,,1,14,2016,5.0,2016.0,6,02,62,0.0
39,1.0,1.0,1.0,2.0,H,39,1,23,,,,1,15,2016,6.0,2016.0,2,15,62,0.0
39,1.0,1.0,1.0,2.0,W,45,1,25,,,,6,7,2016,3.0,2016.0,2,02,99,0.0
40,1.0,1.0,1.0,2.0,W,87,1,2,,,,2,13,2016,7.0,2016.0,2,02,99,0.0
41,1.0,1.0,3.0,1.0,B,27,1,22,30.0,30.0,,5,11,2016,4.0,2016.0,2,03,40,150.0
41,1.0,1.0,1.0,2.0,W,57,1,2,,,,2,15,2016,2.0,2016.0,0,00,99,0.0
41,1.0,1.0,1.0,2.0,W,23,1,23,,,,12,17,2016,7.0,2016.0,7,13,62,140.0
43,1.0,1.0,1.0,2.0,P,48,1,2,,,,4,30,2016,7.0,2016.0,2,24,62,0.0
43,1.0,1.0,1.0,1.0,V,61,1,1,,,,11,17,2016,5.0,2016.0,7,15,62,0.0
43,1.0,1.0,1.0,2.0,H,35,1,2,,,,12,24,2016,7.0,2016.0,6,02,62,0.0
43,1.0,1.0,1.0,2.0,W,77,1,2,,,,10,15,2016,7.0,2016.0,1,02,70,0.0
45,1.0,1.0,1.0,2.0,W,36,1,2,,,,3,9,2016,4.0,2016.0,3,02,62,140.0
48,1.0,1.0,1.0,2.0,W,43,1,2,,,,8,20,2016,7.0,2016.0,6,02,99,0.0
48,1.0,1.0,1.0,2.0,W,47,1,23,,,,5,19,2016,5.0,2016.0,8,13,62,0.0
48,1.0,1.0,1.0,2.0,B,36,1,2,,,,11,23,2016,4.0,2016.0,2,02,62,0.0
48,1.0,1.0,1.0,2.0,B,35,1,25,,,,12,17,2016,7.0,2016.0,2,02,62,0.0
49,1.0,1.0,1.0,2.0,W,83,1,2,,,,1,19,2016,3.0,2016.0,2,02,26,0.0
50,1.0,1.0,1.0,2.0,H,19,1,23,,,,1,22,2016,6.0,2016.0,25,13,62,0.0
50,1.0,1.0,1.0,2.0,W,59,1,2,,,,11,17,2016,5.0,2016.0,3,24,62,0.0
54,1.0,1.0,1.0,2.0,H,34,1,2,,,,6,15,2016,4.0,2016.0,11,02,45,0.0
54,1.0,1.0,1.0,2.0,H,39,1,4,,,,10,13,2016,5.0,2016.0,3,13,99,0.0
54,1.0,1.0,1.0,2.0,H,30,1,4,,,,12,2,2016,6.0,2016.0,0,00,99,0.0
54,1.0,1.0,1.0,2.0,H,32,1,23,,,,1,1,2016,6.0,2016.0,6,06,44,0.0
54,1.0,1.0,1.0,2.0,H,26,1,23,,,,7,1,2016,6.0,2016.0,10,24,45,0.0
55,1.0,1.0,1.0,2.0,W,58,1,2,,,,7,19,2015,1.0,2015.0,0,00,62,0.0
56,1.0,1.0,1.0,2.0,O,69,1,2,,,,4,1,2016,6.0,2016.0,2,02,62,0.0
56,1.0,1.0,1.0,2.0,W,37,1,2,,,,10,17,2016,2.0,2016.0,1,02,45,0.0
56,1.0,1.0,1.0,2.0,H,37,1,2,,,,10,28,2016,6.0,2016.0,7,02,62,0.0
56,1.0,1.0,1.0,2.0,H,35,1,2,,,,5,14,2016,7.0,2016.0,2,02,26,0.0
56,1.0,1.0,1.0,1.0,W,83,1,1,,,,7,15,2016,6.0,2016.0,2,13,45,140.0
7,1.0,1.0,1.0,2.0,W,69,1,2,,,,8,7,2016,1.0,2016.0,7,02,99,999.0
10,2.0,2.0,1.0,2.0,W,37,1,2,,,,5,7,2016,7.0,2016.0,6,02,62,0.0
15,1.0,1.0,1.0,2.0,H,45,1,2,,,,8,14,2016,1.0,2016.0,15,02,62,0.0
19,1.0,1.0,1.0,2.0,O,68,1,2,,,,3,29,2016,3.0,2016.0,6,02,62,0.0
19,1.0,1.0,1.0,2.0,W,22,1,2,,,,11,21,2016,2.0,2016.0,2,24,45,0.0
27,1.0,1.0,1.0,2.0,H,19,1,23,,,,3,29,2016,3.0,2016.0,1,02,62,0.0
27,1.0,1.0,1.0,2.0,V,42,1,4,,,,4,14,2016,5.0,2016.0,8,24,62,0.0
30,1.0,1.0,1.0,2.0,W,19,1,23,,,,7,31,2016,1.0,2016.0,7,03,99,0.0
33,1.0,1.0,1.0,2.0,H,26,1,23,,,,6,5,2016,1.0,2016.0,4,03,62,0.0
37,1.0,1.0,1.0,2.0,O,22,1,23,,,,12,26,2016,2.0,2016.0,11,15,62,0.0
40,1.0,1.0,1.0,2.0,W,36,1,4,,,,8,22,2016,2.0,2016.0,2,02,99,0.0
1,1.0,1.0,1.0,1.0,Z,19,1,22,,,,12,17,2017,1.0,2017.0,6,06,62,140.0
1,1.0,1.0,1.0,1.0,B,24,1,22,,,,11,14,2017,3.0,2017.0,6,16,62,0.0
1,1.0,1.0,1.0,2.0,U,29,1,23,,,,2,1,2017,4.0,2017.0,15,16,45,0.0
7,1.0,1.0,1.0,2.0,B,29,1,23,,,,4,4,2017,3.0,2017.0,2,16,99,0.0
7,1.0,1.0,1.0,2.0,F,47,1,2,,,,4,27,2017,5.0,2017.0,2,16,45,999.0
10,1.0,1.0,1.0,2.0,H,54,1,2,,,,3,4,2017,7.0,2017.0,1,24,62,0.0
10,1.0,1.0,1.0,2.0,H,49,1,2,,,,4,16,2017,1.0,2017.0,1,24,62,0.0
10,1.0,1.0,1.0,2.0,H,21,1,23,,,,7,15,2017,7.0,2017.0,6,13,62,0.0
10,1.0,1.0,1.0,2.0,B,22,1,23,,,,9,17,2017,1.0,2017.0,1,15,62,0.0
10,1.0,2.0,1.0,2.0,H,61,1,2,,,,11,5,2017,1.0,2017.0,1,06,62,0.0
10,1.0,1.0,1.0,2.0,B,22,1,23,,,,11,10,2017,6.0,2017.0,7,24,62,0.0
10,1.0,1.0,1.0,2.0,H,61,1,2,,,,12,8,2017,6.0,2017.0,1,02,45,140.0
13,1.0,1.0,1.0,2.0,W,53,1,23,,,,2,17,2017,6.0,2017.0,6,01,99,0.0
13,1.0,1.0,1.0,2.0,H,45,1,2,,,,3,6,2017,2.0,2017.0,2,02,99,0.0
15,1.0,1.0,1.0,2.0,W,38,1,23,,,,5,20,2017,7.0,2017.0,3,24,99,0.0
16,1.0,1.0,1.0,2.0,W,40,1,23,,,,11,26,2017,1.0,2017.0,1,02,99,0.0
17,1.0,1.0,1.0,2.0,I,35,1,23,,,,6,30,2017,6.0,2017.0,11,24,70,999.0
19,1.0,1.0,1.0,2.0,H,28,1,2,,,,2,6,2017,2.0,2017.0,6,24,62,0.0
19,1.0,1.0,1.0,2.0,H,35,1,23,,,,4,7,2017,6.0,2017.0,2,16,62,0.0
19,1.0,1.0,1.0,2.0,H,30,1,23,,,,6,23,2017,6.0,2017.0,11,02,62,0.0
19,1.0,1.0,1.0,2.0,H,33,1,23,,,,7,1,2017,7.0,2017.0,2,02,62,0.0
19,1.0,1.0,1.0,2.0,C,29,1,2,,,,12,14,2017,5.0,2017.0,15,06,62,999.0
19,1.0,1.0,1.0,2.0,H,19,1,23,,,,6,30,2017,6.0,2017.0,8,00,42,0.0
19,1.0,1.0,1.0,2.0,F,24,1,2,,,,12,26,2017,3.0,2017.0,6,24,99,0.0
19,1.0,1.0,1.0,2.0,B,31,1,23,,,,1,16,2017,2.0,2017.0,2,24,62,0.0
19,1.0,1.0,1.0,2.0,H,41,1,25,,,,12,25,2017,2.0,2017.0,2,02,62,0.0
19,1.0,1.0,1.0,2.0,H,28,1,23,,,,7,5,2017,4.0,2017.0,8,02,99,0.0
19,1.0,1.0,1.0,2.0,H,37,1,23,,,,5,29,2017,2.0,2017.0,6,02,62,0.0
19,1.0,1.0,1.0,2.0,W,25,1,23,,,,4,18,2017,3.0,2017.0,2,16,62,0.0
19,1.0,1.0,1.0,2.0,W,46,1,29,,,,4,8,2017,7.0,2017.0,6,24,62,0.0
19,1.0,1.0,1.0,2.0,H,39,1,25,,,,5,24,2017,4.0,2017.0,6,06,45,0.0
19,1.0,1.0,1.0,2.0,H,24,1,23,,,,11,11,2017,7.0,2017.0,2,18,45,0.0
19,1.0,1.0,1.0,2.0,W,42,1,25,,,,9,23,2017,7.0,2017.0,2,02,60,0.0
19,1.0,1.0,1.0,2.0,B,32,1,23,,,,8,26,2017,7.0,2017.0,6,02,45,0.0
19,1.0,1.0,1.0,2.0,H,26,1,23,,,,9,10,2017,1.0,2017.0,2,02,62,0.0
19,1.0,1.0,1.0,1.0,H,24,1,22,,,,5,11,2016,4.0,2016.0,11,13,26,0.0
19,1.0,1.0,1.0,2.0,H,34,1,23,,,,1,7,2017,7.0,2017.0,1,16,62,0.0
19,1.0,1.0,1.0,2.0,H,69,1,2,,,,1,16,2017,2.0,2017.0,2,24,62,0.0
19,1.0,1.0,1.0,2.0,H,43,1,2,,,,3,13,2017,2.0,2017.0,2,03,62,0.0
19,1.0,1.0,1.0,2.0,W,29,1,4,,,,6,22,2017,5.0,2017.0,7,24,62,0.0
19,1.0,1.0,1.0,2.0,H,80,1,2,,,,7,12,2017,4.0,2017.0,2,24,62,0.0
19,1.0,1.0,1.0,2.0,W,66,1,2,,,,7,17,2017,2.0,2017.0,2,24,62,0.0
19,1.0,1.0,1.0,2.0,H,32,1,2,,,,8,27,2017,1.0,2017.0,6,02,62,0.0
19,1.0,1.0,1.0,2.0,H,52,1,2,,,,6,18,2017,1.0,2017.0,6,02,62,0.0
19,1.0,1.0,1.0,2.0,H,25,1,23,,,,1,7,2017,7.0,2017.0,2,16,62,0.0
19,1.0,1.0,1.0,2.0,B,73,1,2,,,,2,14,2017,3.0,2017.0,4,24,62,0.0
19,1.0,1.0,1.0,2.0,H,24,1,2,,,,3,10,2017,6.0,2017.0,2,16,62,0.0
19,1.0,1.0,1.0,2.0,H,23,1,23,,,,3,16,2017,5.0,2017.0,2,16,62,0.0
19,1.0,1.0,1.0,1.0,O,31,1,1,,,,7,30,2017,1.0,2017.0,6,24,62,0.0
19,1.0,1.0,1.0,2.0,H,53,1,2,,,,12,26,2017,3.0,2017.0,6,24,62,0.0
19,1.0,1.0,1.0,2.0,W,67,1,2,,,,12,28,2017,5.0,2017.0,2,24,62,0.0
19,1.0,1.0,1.0,2.0,A,45,1,2,,,,9,23,2017,7.0,2017.0,2,13,62,0.0
19,1.0,1.0,1.0,1.0,H,69,1,24,,,,5,1,2017,2.0,2017.0,6,03,62,0.0
19,1.0,1.0,1.0,2.0,H,28,1,2,,,,8,6,2017,1.0,2017.0,2,13,99,0.0
19,1.0,1.0,1.0,1.0,B,21,1,22,,,,7,7,2017,6.0,2017.0,6,24,45,0.0
19,1.0,1.0,1.0,2.0,W,33,1,2,,,,1,19,2017,5.0,2017.0,6,02,62,999.0
19,1.0,1.0,1.0,2.0,H,54,1,23,,,,9,12,2017,3.0,2017.0,2,02,99,0.0
19,1.0,1.0,1.0,2.0,W,33,1,2,,,,6,19,2017,2.0,2017.0,2,13,62,0.0
19,1.0,1.0,1.0,2.0,A,37,1,2,,,,7,1,2017,7.0,2017.0,6,24,62,0.0
21,1.0,1.0,1.0,2.0,W,79,1,2,,,,5,17,2017,4.0,2017.0,1,24,26,0.0
21,1.0,1.0,1.0,2.0,W,61,1,23,,,,2,7,2017,3.0,2017.0,2,24,45,0.0
23,1.0,1.0,1.0,2.0,W,88,1,2,,,,1,25,2017,4.0,2017.0,2,02,99,0.0
24,1.0,1.0,1.0,2.0,H,30,1,2,,,,2,20,2017,2.0,2017.0,6,02,70,999.0
24,1.0,1.0,1.0,2.0,L,41,1,2,,,,12,9,2017,7.0,2017.0,2,03,40,0.0
27,1.0,1.0,1.0,2.0,W,88,1,2,,,,8,3,2017,5.0,2017.0,2,02,60,0.0
29,1.0,1.0,1.0,1.0,W,44,1,24,,,,6,25,2017,1.0,2017.0,8,02,42,999.0
30,1.0,1.0,1.0,2.0,W,23,1,2,,,,1,19,2017,5.0,2017.0,6,13,62,0.0
30,1.0,1.0,1.0,2.0,H,19,1,23,,,,4,28,2017,6.0,2017.0,6,15,62,0.0
30,1.0,1.0,1.0,1.0,B,34,1,22,,,,2,12,2017,1.0,2017.0,13,99,62,0.0
30,1.0,1.0,1.0,2.0,W,58,1,2,,,,9,18,2017,2.0,2017.0,6,24,40,0.0
30,1.0,1.0,1.0,2.0,W,38,1,23,,,,12,16,2017,7.0,2017.0,6,02,62,0.0
30,1.0,1.0,1.0,2.0,H,34,1,2,,,,7,6,2017,5.0,2017.0,11,02,99,0.0
30,1.0,1.0,1.0,2.0,H,23,1,2,,,,9,14,2017,5.0,2017.0,2,02,62,0.0
31,1.0,1.0,1.0,2.0,W,35,1,23,,,,5,17,2017,4.0,2017.0,2,02,99,0.0
33,1.0,1.0,1.0,2.0,H,31,1,23,,,,3,18,2017,7.0,2017.0,6,99,62,0.0
33,1.0,1.0,1.0,2.0,W,58,1,2,,,,6,7,2017,4.0,2017.0,2,24,60,0.0
33,1.0,1.0,1.0,2.0,O,32,1,23,,,,1,24,2017,3.0,2017.0,8,19,99,0.0
33,1.0,1.0,1.0,1.0,W,67,1,29,,,,5,25,2016,4.0,2016.0,0,00,99,999.0
33,1.0,1.0,1.0,2.0,W,29,1,23,,,,3,15,2017,4.0,2017.0,2,02,99,0.0
33,1.0,1.0,1.0,1.0,H,26,1,22,,,,7,5,2017,4.0,2017.0,6,02,45,0.0
33,1.0,1.0,1.0,2.0,H,53,1,2,,,,8,2,2017,4.0,2017.0,2,99,99,0.0
33,1.0,1.0,1.0,1.0,W,53,1,22,,,,3,24,2017,6.0,2017.0,2,02,62,0.0
34,1.0,1.0,1.0,2.0,H,24,1,23,,,,3,28,2017,3.0,2017.0,2,24,62,0.0
34,1.0,1.0,1.0,2.0,A,34,1,2,,,,6,25,2017,1.0,2017.0,2,24,62,0.0
34,1.0,1.0,1.0,2.0,W,37,1,23,,,,9,11,2017,2.0,2017.0,7,01,62,0.0
34,1.0,1.0,1.0,2.0,H,29,1,23,,,,9,4,2017,2.0,2017.0,20,99,99,0.0
34,1.0,1.0,1.0,2.0,B,45,1,2,,,,3,22,2017,4.0,2017.0,7,13,62,0.0
34,1.0,1.0,1.0,2.0,B,45,1,23,,,,9,1,2017,6.0,2017.0,1,24,99,0.0
34,1.0,1.0,1.0,2.0,A,34,1,2,,,,9,11,2017,2.0,2017.0,2,13,62,0.0
34,1.0,1.0,1.0,2.0,A,65,1,2,,,,12,24,2017,1.0,2017.0,7,24,26,0.0
36,1.0,1.0,1.0,2.0,W,58,1,2,,,,6,28,2017,4.0,2017.0,2,24,62,0.0
36,1.0,3.0,1.0,2.0,H,35,1,2,,,,8,23,2017,4.0,2017.0,1,24,62,0.0
36,1.0,1.0,1.0,2.0,A,20,1,23,,,,10,15,2017,1.0,2017.0,2,99,99,0.0
36,1.0,1.0,1.0,2.0,H,31,1,23,,,,5,25,2017,5.0,2017.0,1,06,62,0.0
36,1.0,1.0,1.0,2.0,W,84,1,2,,,,2,21,2017,3.0,2017.0,1,24,62,0.0
36,1.0,1.0,1.0,2.0,H,31,1,23,,,,2,1,2017,4.0,2017.0,2,16,62,0.0
36,1.0,1.0,1.0,2.0,H,45,1,23,,,,3,26,2017,1.0,2017.0,6,02,62,0.0
36,1.0,2.0,1.0,2.0,B,53,1,2,,,,4,10,2017,2.0,2017.0,2,25,62,0.0
36,1.0,1.0,1.0,2.0,H,35,1,23,,,,3,15,2017,4.0,2017.0,8,18,62,0.0
36,1.0,1.0,1.0,2.0,B,46,1,23,,,,10,13,2017,6.0,2017.0,11,24,62,0.0
36,1.0,1.0,1.0,1.0,W,63,1,29,,,,9,28,2017,5.0,2017.0,7,24,62,0.0
36,1.0,1.0,1.0,2.0,H,35,1,23,,,,6,10,2017,7.0,2017.0,1,24,62,0.0
37,1.0,1.0,1.0,2.0,H,16,1,23,,,,1,13,2017,6.0,2017.0,0,00,26,0.0
37,1.0,1.0,1.0,1.0,W,73,1,29,,,,4,18,2017,3.0,2017.0,11,02,45,0.0
37,1.0,1.0,1.0,1.0,W,68,1,1,,,,2,1,2017,4.0,2017.0,2,02,62,0.0
37,1.0,1.0,1.0,2.0,O,60,1,2,,,,5,16,2017,3.0,2017.0,2,02,62,0.0
37,1.0,1.0,1.0,2.0,B,38,1,23,,,,8,25,2017,6.0,2017.0,7,02,62,0.0
37,1.0,1.0,1.0,2.0,B,51,1,2,,,,10,7,2017,7.0,2017.0,7,02,62,0.0
37,1.0,1.0,1.0,2.0,J,83,1,2,,,,11,12,2017,1.0,2017.0,2,02,62,0.0
37,1.0,1.0,1.0,2.0,W,36,1,2,,,,12,10,2017,1.0,2017.0,2,02,62,0.0
38,1.0,1.0,1.0,1.0,B,45,1,22,,,,5,29,2017,2.0,2017.0,6,16,40,0.0
38,1.0,1.0,1.0,1.0,W,48,1,29,,,,11,1,2017,4.0,2017.0,6,02,99,999.0
38,1.0,1.0,1.0,2.0,H,22,1,23,,,,9,30,2017,7.0,2017.0,2,15,62,999.0
39,1.0,1.0,1.0,2.0,H,35,1,2,,,,5,6,2017,7.0,2017.0,8,24,45,0.0
39,1.0,1.0,1.0,2.0,W,37,1,23,,,,8,13,2017,1.0,2017.0,6,00,62,0.0
39,1.0,1.0,1.0,2.0,B,40,1,23,,,,9,2,2017,7.0,2017.0,25,24,62,0.0
40,1.0,1.0,1.0,2.0,H,24,1,23,,,,5,31,2017,4.0,2017.0,6,02,99,0.0
40,1.0,1.0,1.0,2.0,W,58,1,23,,,,10,26,2017,5.0,2017.0,2,02,99,0.0
41,1.0,1.0,1.0,1.0,W,53,1,22,,,,7,22,2017,7.0,2017.0,6,02,62,140.0
41,1.0,1.0,1.0,2.0,W,57,1,23,,,,9,30,2017,7.0,2017.0,5,24,62,0.0
42,1.0,1.0,1.0,2.0,W,28,1,23,,,,4,16,2017,1.0,2017.0,2,18,62,0.0
42,1.0,1.0,1.0,2.0,H,47,1,23,,,,1,7,2017,7.0,2017.0,6,24,45,0.0
42,1.0,1.0,1.0,2.0,W,42,1,25,,,,8,21,2017,2.0,2017.0,2,02,45,0.0
42,1.0,1.0,1.0,2.0,W,57,1,23,,,,9,12,2017,3.0,2017.0,8,03,62,0.0
43,1.0,1.0,1.0,2.0,B,40,1,2,,,,2,2,2017,5.0,2017.0,8,24,62,0.0
43,1.0,1.0,1.0,2.0,A,20,1,23,,,,7,3,2017,2.0,2017.0,2,03,62,0.0
43,1.0,1.0,1.0,2.0,H,32,1,23,,,,10,6,2017,6.0,2017.0,6,02,62,0.0
43,1.0,1.0,1.0,2.0,W,68,1,2,,,,8,8,2017,3.0,2017.0,1,02,26,0.0
45,1.0,1.0,1.0,2.0,W,38,1,2,,,,3,15,2017,4.0,2017.0,0,03,62,140.0
47,1.0,1.0,1.0,2.0,W,24,1,23,,,,10,10,2017,3.0,2017.0,1,02,62,140.0
47,1.0,1.0,1.0,2.0,W,34,1,2,,,,10,4,2017,4.0,2017.0,2,02,26,0.0
48,1.0,1.0,1.0,2.0,O,48,1,2,,,,2,10,2017,6.0,2017.0,6,24,62,0.0
49,1.0,1.0,1.0,2.0,W,67,1,2,,,,8,4,2017,6.0,2017.0,8,24,62,0.0
49,1.0,1.0,1.0,2.0,W,37,1,2,,,,2,25,2017,7.0,2017.0,1,02,99,0.0
49,1.0,1.0,1.0,2.0,H,43,1,23,,,,8,18,2017,6.0,2017.0,7,13,62,0.0
50,1.0,1.0,1.0,2.0,H,26,1,23,,,,2,26,2017,1.0,2017.0,6,02,62,0.0
50,1.0,1.0,1.0,2.0,W,30,1,23,,,,4,4,2017,3.0,2017.0,6,13,62,0.0
50,3.0,3.0,1.0,2.0,W,30,1,2,,,,6,17,2017,7.0,2017.0,7,02,62,0.0
52,1.0,1.0,1.0,1.0,W,51,1,22,,,,3,9,2017,5.0,2017.0,2,19,62,0.0
52,3.0,5.0,1.0,2.0,W,38,1,2,,,,11,14,2017,3.0,2017.0,3,24,99,10.0
53,1.0,1.0,1.0,1.0,W,39,1,22,,,,1,1,2017,1.0,2017.0,4,24,45,0.0
54,1.0,1.0,1.0,2.0,H,28,1,23,,,,4,6,2017,5.0,2017.0,6,02,45,0.0
54,1.0,2.0,1.0,2.0,H,49,1,2,,,,8,30,2017,4.0,2017.0,2,02,99,0.0
54,1.0,1.0,1.0,2.0,H,24,1,23,,,,7,22,2017,7.0,2017.0,1,24,26,0.0
56,1.0,1.0,1.0,2.0,H,37,1,2,,,,1,5,2017,5.0,2017.0,2,02,62,0.0
56,1.0,1.0,1.0,2.0,W,54,1,23,,,,2,5,2017,1.0,2017.0,2,24,62,0.0
58,1.0,1.0,1.0,2.0,Z,31,1,23,,,,11,16,2017,5.0,2017.0,6,24,62,0.0
9,1.0,1.0,1.0,2.0,W,29,1,23,,,,10,4,2017,4.0,2017.0,2,15,70,0.0
43,1.0,1.0,1.0,2.0,C,60,1,23,,,,7,13,2017,5.0,2017.0,1,02,44,0.0
43,1.0,1.0,1.0,2.0,W,87,1,2,,,,7,17,2017,2.0,2017.0,1,02,99,0.0
56,1.0,1.0,1.0,2.0,W,97,1,2,,,,10,9,2017,2.0,2017.0,25,02,26,0.0
1,1.0,1.0,1.0,2.0,W,49,1,2,,,,2,17,2018,7.0,2018.0,1,02,62,140.0
1,1.0,1.0,1.0,2.0,H,38,1,2,,,,1,1,2018,2.0,2018.0,2,03,62,0.0
1,1.0,1.0,1.0,2.0,U,73,1,2,,,,2,11,2018,1.0,2018.0,2,02,62,999.0
1,1.0,1.0,1.0,2.0,B,24,1,23,,,,3,15,2018,5.0,2018.0,20,16,62,140.0
1,1.0,1.0,1.0,2.0,B,46,1,23,,,,7,20,2018,6.0,2018.0,2,16,62,999.0
1,1.0,1.0,1.0,1.0,W,56,1,1,,,,4,22,2018,1.0,2018.0,1,24,45,140.0
1,1.0,1.0,1.0,2.0,B,18,1,23,,,,9,26,2018,4.0,2018.0,11,18,62,999.0
3,2.0,2.0,1.0,2.0,W,27,1,23,,,,4,12,2018,5.0,2018.0,2,02,70,0.0
3,1.0,1.0,1.0,2.0,W,43,1,2,,,,9,3,2018,2.0,2018.0,2,06,70,0.0
5,1.0,1.0,1.0,2.0,W,27,1,23,,,,7,10,2018,3.0,2018.0,8,00,62,0.0
6,1.0,1.0,1.0,2.0,H,21,1,23,,,,1,8,2018,2.0,2018.0,7,02,70,0.0
7,1.0,1.0,1.0,2.0,W,69,1,2,,,,5,15,2018,3.0,2018.0,1,03,26,999.0
9,1.0,1.0,1.0,2.0,H,70,1,4,,,,10,9,2018,3.0,2018.0,25,24,70,0.0
10,1.0,1.0,1.0,2.0,B,32,1,23,,,,5,6,2018,1.0,2018.0,2,15,62,0.0
10,1.0,1.0,1.0,2.0,W,81,1,2,,,,9,14,2018,6.0,2018.0,4,02,99,0.0
10,1.0,1.0,1.0,2.0,I,32,1,2,,,,4,9,2018,2.0,2018.0,6,24,62,0.0
12,1.0,1.0,1.0,2.0,W,39,1,2,,,,8,3,2018,6.0,2018.0,6,24,70,0.0
13,1.0,1.0,1.0,2.0,H,24,1,2,,,,8,15,2018,4.0,2018.0,6,24,99,0.0
15,1.0,1.0,1.0,1.0,W,63,1,1,,,,6,4,2018,2.0,2018.0,1,24,99,999.0
15,5.0,5.0,1.0,2.0,H,45,1,2,,,,9,12,2018,4.0,2018.0,1,07,46,999.0
15,1.0,1.0,1.0,1.0,H,59,1,22,,,,10,9,2018,3.0,2018.0,7,24,62,999.0
15,1.0,1.0,1.0,2.0,H,24,1,23,,,,5,22,2018,3.0,2018.0,1,02,45,0.0
15,1.0,1.0,1.0,2.0,H,33,1,2,,,,9,22,2018,7.0,2018.0,8,03,62,999.0
15,1.0,1.0,1.0,2.0,H,20,1,23,,,,1,28,2018,1.0,2018.0,6,00,99,0.0
16,1.0,1.0,1.0,1.0,H,30,1,22,,,,4,6,2018,6.0,2018.0,7,19,45,0.0
17,1.0,1.0,1.0,2.0,W,51,1,2,,,,6,9,2018,7.0,2018.0,25,24,70,0.0
17,1.0,2.0,1.0,2.0,W,37,1,2,,,,7,24,2018,3.0,2018.0,4,13,70,0.0
19,1.0,1.0,1.0,2.0,H,29,1,2,,,,2,25,2018,1.0,2018.0,2,24,62,140.0
19,1.0,1.0,1.0,1.0,H,17,1,22,,,,4,18,2018,4.0,2018.0,6,99,40,999.0
19,1.0,1.0,1.0,2.0,B,50,1,23,,,,4,19,2018,5.0,2018.0,6,06,62,999.0
19,1.0,1.0,1.0,2.0,H,29,1,2,,,,4,21,2018,7.0,2018.0,2,24,62,999.0
19,1.0,1.0,1.0,2.0,W,21,1,23,,,,4,27,2018,6.0,2018.0,2,19,62,999.0
19,1.0,1.0,1.0,1.0,H,75,1,1,,,,8,1,2018,4.0,2018.0,2,24,99,999.0
19,1.0,1.0,1.0,2.0,W,58,1,2,,,,12,17,2018,2.0,2018.0,6,24,70,0.0
19,1.0,1.0,1.0,2.0,S,34,1,2,,,,7,24,2018,3.0,2018.0,8,15,99,0.0
19,1.0,1.0,1.0,2.0,A,73,1,2,,,,2,16,2018,6.0,2018.0,2,24,62,0.0
19,1.0,1.0,1.0,2.0,H,41,1,2,,,,8,3,2018,6.0,2018.0,2,24,99,999.0
19,1.0,1.0,1.0,2.0,H,42,1,25,,,,4,11,2018,4.0,2018.0,2,15,26,999.0
19,1.0,1.0,1.0,2.0,H,34,1,23,,,,12,16,2018,1.0,2018.0,2,02,70,0.0
19,1.0,3.0,1.0,2.0,W,47,1,2,,,,1,5,2018,6.0,2018.0,2,24,62,140.0
19,1.0,1.0,1.0,1.0,H,63,1,1,,,,7,10,2018,3.0,2018.0,1,24,99,999.0
19,1.0,1.0,1.0,2.0,H,37,1,2,,,,8,29,2018,4.0,2018.0,2,02,26,999.0
19,2.0,2.0,1.0,1.0,H,37,1,22,,,,7,31,2018,3.0,2018.0,2,16,99,999.0
19,1.0,1.0,1.0,2.0,H,33,1,4,,,,1,28,2018,1.0,2018.0,7,24,62,0.0
19,1.0,1.0,1.0,1.0,H,20,1,22,,,,3,5,2018,2.0,2018.0,2,06,62,0.0
19,1.0,1.0,1.0,2.0,O,59,1,2,,,,7,9,2018,2.0,2018.0,3,24,62,0.0
19,1.0,1.0,1.0,1.0,W,61,1,1,,,,8,9,2018,5.0,2018.0,2,24,62,0.0
19,1.0,1.0,1.0,2.0,H,30,1,23,,,,11,22,2018,5.0,2018.0,7,02,62,0.0
19,1.0,1.0,1.0,1.0,B,41,1,22,,,,1,1,2018,2.0,2018.0,6,02,62,0.0
19,1.0,1.0,1.0,2.0,H,30,1,4,,,,3,16,2018,6.0,2018.0,2,16,62,0.0
19,1.0,1.0,1.0,2.0,B,29,1,23,,,,6,2,2018,7.0,2018.0,2,16,62,0.0
19,1.0,1.0,1.0,2.0,B,32,1,23,,,,7,16,2018,2.0,2018.0,2,02,62,0.0
19,1.0,1.0,1.0,2.0,W,65,1,2,,,,5,7,2018,2.0,2018.0,2,24,62,0.0
19,1.0,1.0,1.0,1.0,W,68,1,1,,,,8,7,2018,3.0,2018.0,7,24,62,0.0
19,1.0,1.0,1.0,2.0,W,60,1,4,,,,9,20,2018,5.0,2018.0,6,16,62,0.0
19,1.0,1.0,1.0,2.0,B,26,1,29,,,,10,17,2018,4.0,2018.0,2,16,62,0.0
19,1.0,2.0,1.0,2.0,W,41,1,4,,,,11,11,2018,1.0,2018.0,4,24,62,0.0
19,2.0,2.0,2.0,2.0,B,16,1,23,21.0,,,11,17,2018,7.0,2018.0,2,02,62,0.0
19,2.0,2.0,1.0,2.0,B,32,1,23,,,,11,18,2018,1.0,2018.0,2,24,62,0.0
19,1.0,1.0,1.0,2.0,H,58,1,23,,,,12,9,2018,1.0,2018.0,2,02,62,0.0
19,1.0,1.0,1.0,2.0,H,29,1,23,,,,12,18,2018,3.0,2018.0,2,02,62,0.0
19,1.0,1.0,1.0,2.0,W,25,1,23,,,,2,23,2018,6.0,2018.0,7,00,62,0.0
19,1.0,1.0,1.0,1.0,H,36,1,22,,,,4,3,2018,3.0,2018.0,2,06,45,0.0
19,1.0,1.0,1.0,2.0,B,40,1,2,,,,10,26,2018,6.0,2018.0,6,24,70,0.0
19,1.0,2.0,1.0,2.0,H,33,1,2,,,,12,5,2018,4.0,2018.0,11,02,62,140.0
19,1.0,1.0,1.0,2.0,W,48,1,23,,,,10,18,2018,5.0,2018.0,7,24,62,0.0
19,1.0,1.0,1.0,2.0,W,60,1,2,,,,10,6,2018,7.0,2018.0,4,24,62,0.0
19,1.0,2.0,1.0,2.0,W,48,1,2,,,,7,11,2018,4.0,2018.0,2,02,62,0.0
19,1.0,1.0,1.0,2.0,A,29,1,23,,,,10,2,2018,3.0,2018.0,11,02,62,0.0
19,1.0,1.0,1.0,2.0,P,68,1,2,,,,10,5,2018,6.0,2018.0,2,24,62,0.0
21,1.0,1.0,1.0,2.0,H,31,1,2,,,,2,12,2018,2.0,2018.0,7,02,99,0.0
21,1.0,1.0,1.0,2.0,W,91,1,2,,,,7,24,2018,3.0,2018.0,2,02,26,999.0
23,1.0,1.0,1.0,2.0,W,22,1,23,,,,2,4,2018,1.0,2018.0,2,16,26,140.0
23,4.0,7.0,1.0,2.0,W,38,1,29,,,,3,26,2018,2.0,2018.0,15,99,26,0.0
30,1.0,1.0,1.0,2.0,W,49,1,2,,,,3,5,2018,2.0,2018.0,6,03,99,0.0
30,1.0,1.0,1.0,2.0,W,40,1,23,,,,6,27,2018,4.0,2018.0,7,13,62,0.0
30,1.0,1.0,1.0,2.0,A,92,1,2,,,,11,4,2018,1.0,2018.0,6,02,26,999.0
30,1.0,1.0,1.0,2.0,W,73,1,2,,,,10,23,2018,3.0,2018.0,2,24,99,999.0
30,1.0,1.0,1.0,2.0,W,54,1,2,,,,3,14,2018,4.0,2018.0,2,13,62,140.0
30,1.0,1.0,1.0,2.0,B,55,1,23,,,,10,16,2018,3.0,2018.0,0,01,70,0.0
31,1.0,1.0,1.0,1.0,W,18,1,22,,,,1,6,2018,7.0,2018.0,6,03,99,0.0
33,1.0,1.0,1.0,2.0,W,47,1,23,,,,3,31,2018,7.0,2018.0,6,24,62,140.0
33,1.0,1.0,1.0,2.0,H,21,1,23,,,,2,20,2018,3.0,2018.0,2,02,99,0.0
33,1.0,1.0,1.0,2.0,B,43,1,2,,,,7,27,2018,6.0,2018.0,6,06,45,999.0
33,1.0,1.0,1.0,1.0,H,41,1,1,,,,7,2,2018,2.0,2018.0,2,02,62,0.0
33,1.0,1.0,1.0,2.0,H,24,1,2,,,,1,25,2018,5.0,2018.0,2,24,99,0.0
33,1.0,1.0,1.0,1.0,W,41,1,22,,,,2,23,2018,6.0,2018.0,2,24,45,999.0
33,1.0,1.0,1.0,1.0,B,55,1,22,,,,4,7,2018,7.0,2018.0,0,02,99,999.0
33,1.0,1.0,1.0,2.0,B,25,1,23,,,,2,9,2018,6.0,2018.0,6,24,99,0.0
33,1.0,1.0,1.0,2.0,B,25,1,23,,,,3,17,2018,7.0,2018.0,11,24,99,140.0
33,1.0,1.0,1.0,2.0,B,32,1,2,,,,3,19,2018,2.0,2018.0,6,24,99,999.0
33,1.0,1.0,1.0,2.0,W,81,1,2,,,,12,20,2018,5.0,2018.0,2,24,99,999.0
34,1.0,1.0,1.0,2.0,H,37,1,23,,,,10,31,2018,4.0,2018.0,2,04,62,0.0
34,1.0,1.0,1.0,2.0,W,28,1,23,,,,11,21,2018,4.0,2018.0,8,24,62,0.0
34,1.0,1.0,1.0,2.0,W,61,1,2,,,,1,7,2018,1.0,2018.0,7,02,62,0.0
34,1.0,1.0,1.0,2.0,C,63,1,2,,,,3,30,2018,6.0,2018.0,2,13,62,0.0
34,1.0,1.0,1.0,2.0,H,26,1,23,,,,10,16,2018,3.0,2018.0,0,13,62,0.0
34,1.0,1.0,1.0,2.0,A,31,1,4,,,,12,15,2018,7.0,2018.0,1,15,60,0.0
36,1.0,1.0,1.0,2.0,B,27,1,23,,,,4,7,2018,7.0,2018.0,2,24,62,0.0
36,1.0,1.0,1.0,1.0,W,33,1,22,,,,10,27,2018,7.0,2018.0,6,24,62,0.0
36,1.0,1.0,1.0,1.0,W,64,1,22,,,,2,19,2018,2.0,2018.0,6,24,62,0.0
36,1.0,1.0,1.0,2.0,H,58,1,2,,,,11,30,2018,6.0,2018.0,1,02,62,0.0
36,1.0,1.0,1.0,2.0,O,48,1,23,,,,6,11,2018,2.0,2018.0,8,02,62,0.0
36,1.0,1.0,1.0,2.0,W,31,1,23,,,,2,13,2018,3.0,2018.0,2,02,62,0.0
36,1.0,1.0,1.0,2.0,W,27,1,23,,,,8,7,2018,3.0,2018.0,7,16,62,0.0
36,1.0,2.0,1.0,2.0,W,37,1,23,,,,8,24,2018,6.0,2018.0,2,02,62,0.0
36,1.0,1.0,1.0,1.0,B,49,1,29,,,,11,1,2018,5.0,2018.0,2,02,62,0.0
36,1.0,1.0,1.0,1.0,B,30,1,22,,,,3,19,2018,2.0,2018.0,6,24,62,0.0
36,1.0,1.0,1.0,2.0,A,76,1,2,,,,4,22,2018,1.0,2018.0,2,24,62,0.0
36,1.0,1.0,1.0,2.0,W,49,1,23,,,,6,3,2018,1.0,2018.0,2,02,62,0.0
36,1.0,1.0,1.0,2.0,W,23,1,23,,,,5,21,2018,2.0,2018.0,2,19,62,0.0
37,1.0,1.0,1.0,2.0,I,22,1,23,,,,1,3,2018,4.0,2018.0,2,03,26,0.0
37,1.0,1.0,1.0,2.0,H,39,1,2,,,,9,19,2018,4.0,2018.0,0,19,45,0.0
37,1.0,1.0,1.0,2.0,H,20,1,23,,,,11,1,2018,5.0,2018.0,2,06,45,0.0
37,1.0,1.0,1.0,1.0,W,82,1,1,,,,8,29,2018,4.0,2018.0,2,24,62,0.0
37,1.0,1.0,1.0,2.0,A,51,1,2,,,,12,29,2018,7.0,2018.0,4,24,62,0.0
37,1.0,1.0,1.0,2.0,O,79,1,2,,,,3,6,2018,3.0,2018.0,2,02,26,0.0
37,1.0,2.0,1.0,2.0,H,39,1,23,,,,2,2,2018,6.0,2018.0,1,02,99,0.0
37,1.0,2.0,1.0,2.0,H,30,1,25,,,,8,9,2018,5.0,2018.0,6,02,62,0.0
37,1.0,1.0,1.0,1.0,B,28,1,29,,,,1,1,2018,2.0,2018.0,6,02,62,0.0
37,1.0,1.0,1.0,1.0,W,64,1,1,,,,1,13,2018,7.0,2018.0,7,02,62,0.0
37,1.0,1.0,1.0,2.0,H,29,1,23,,,,1,13,2018,7.0,2018.0,6,16,62,180.0
37,1.0,1.0,1.0,1.0,W,38,1,29,,,,8,4,2018,7.0,2018.0,6,02,62,0.0
37,1.0,1.0,1.0,2.0,B,20,1,23,,,,10,9,2018,3.0,2018.0,2,06,99,0.0
37,1.0,1.0,1.0,2.0,H,69,1,2,,,,2,18,2018,1.0,2018.0,3,02,62,0.0
37,1.0,1.0,1.0,2.0,W,28,1,23,,,,7,22,2018,1.0,2018.0,2,24,62,0.0
38,1.0,1.0,1.0,2.0,A,65,1,2,,,,1,19,2018,6.0,2018.0,2,16,62,140.0
38,1.0,1.0,1.0,2.0,A,37,1,2,,,,3,25,2018,1.0,2018.0,6,99,99,999.0
38,1.0,1.0,1.0,2.0,H,34,1,2,,,,6,7,2018,5.0,2018.0,2,16,62,0.0
39,1.0,1.0,1.0,1.0,B,34,1,22,,,,6,2,2018,7.0,2018.0,6,02,26,0.0
39,1.0,1.0,2.0,1.0,H,47,1,22,21.0,,,7,5,2018,5.0,2018.0,6,02,40,0.0
39,1.0,1.0,2.0,1.0,B,20,1,22,40.0,,,1,12,2018,6.0,2018.0,2,06,3,171.0
41,1.0,1.0,1.0,2.0,H,18,1,23,,,,2,22,2018,5.0,2018.0,1,03,62,0.0
41,1.0,1.0,1.0,2.0,C,68,1,2,,,,11,15,2018,5.0,2018.0,6,02,26,0.0
43,1.0,1.0,1.0,2.0,H,32,1,23,,,,2,5,2018,2.0,2018.0,3,06,62,0.0
43,1.0,1.0,1.0,2.0,A,49,1,2,,,,8,16,2018,5.0,2018.0,7,02,62,0.0
43,1.0,1.0,1.0,2.0,W,21,1,23,,,,11,18,2018,1.0,2018.0,2,03,62,0.0
45,2.0,3.0,1.0,1.0,W,69,1,1,,,,1,7,2018,1.0,2018.0,2,02,45,0.0
45,1.0,1.0,1.0,2.0,W,50,1,23,,,,8,15,2018,4.0,2018.0,0,00,99,0.0
45,1.0,1.0,1.0,2.0,W,53,1,2,,,,11,6,2018,3.0,2018.0,8,02,62,0.0
45,1.0,1.0,1.0,1.0,W,54,1,22,,,,7,22,2018,1.0,2018.0,15,16,62,0.0
48,1.0,1.0,1.0,2.0,W,22,1,23,,,,7,22,2018,1.0,2018.0,2,03,62,0.0
48,1.0,1.0,1.0,2.0,B,45,1,23,,,,7,20,2016,4.0,2016.0,11,02,62,0.0
50,1.0,1.0,1.0,2.0,W,40,1,23,,,,5,3,2018,5.0,2018.0,7,02,62,0.0
50,1.0,1.0,1.0,2.0,H,32,1,23,,,,6,6,2018,4.0,2018.0,11,24,62,0.0
50,1.0,1.0,1.0,2.0,W,47,1,2,,,,4,3,2018,3.0,2018.0,7,24,62,0.0
50,1.0,1.0,1.0,2.0,H,39,1,23,,,,11,21,2018,4.0,2018.0,6,03,62,0.0
52,1.0,1.0,1.0,2.0,W,25,1,2,,,,8,28,2018,3.0,2018.0,25,02,62,0.0
53,1.0,1.0,1.0,1.0,H,44,1,22,,,,9,25,2018,3.0,2018.0,2,24,62,0.0
54,1.0,1.0,1.0,2.0,H,31,1,2,,,,11,27,2018,3.0,2018.0,25,02,45,0.0
54,1.0,1.0,1.0,2.0,H,42,1,2,,,,5,19,2018,7.0,2018.0,2,03,62,0.0
54,1.0,1.0,1.0,1.0,H,38,1,22,,,,12,17,2018,2.0,2018.0,7,24,62,0.0
56,1.0,1.0,1.0,2.0,B,29,1,25,,,,3,17,2018,7.0,2018.0,1,07,45,0.0
56,1.0,1.0,1.0,1.0,W,26,1,22,,,,5,28,2018,2.0,2018.0,6,02,62,0.0
57,1.0,1.0,1.0,2.0,W,79,1,2,,,,3,22,2018,5.0,2018.0,2,24,26,30.0
57,1.0,1.0,1.0,1.0,W,35,1,22,,,,10,20,2018,7.0,2018.0,2,24,62,0.0
58,1.0,1.0,1.0,2.0,H,34,1,2,,,,2,12,2018,2.0,2018.0,2,02,62,0.0
58,1.0,1.0,1.0,2.0,A,34,1,2,,,,12,5,2018,4.0,2018.0,1,02,62,999.0
19,1.0,1.0,1.0,2.0,W,76,1,2,,,,1,11,2018,5.0,2018.0,2,24,62,0.0
19,1.0,1.0,1.0,2.0,C,50,1,2,,,,8,1,2018,4.0,2018.0,2,02,99,999.0
19,1.0,1.0,1.0,2.0,B,52,1,23,,,,5,27,2018,1.0,2018.0,20,02,62,0.0
19,1.0,1.0,1.0,1.0,H,78,1,1,,,,4,11,2018,4.0,2018.0,2,24,62,0.0
23,1.0,1.0,1.0,2.0,W,72,1,2,,,,3,4,2018,1.0,2018.0,1,15,99,999.0
31,1.0,1.0,1.0,2.0,B,45,1,2,,,,1,19,2018,6.0,2018.0,7,02,99,0.0
36,1.0,1.0,1.0,2.0,O,35,1,2,,,,6,21,2018,5.0,2018.0,7,24,62,0.0
1,1.0,1.0,1.0,2.0,W,44,1,2,,,,6,26,2019,4.0,2019.0,2,02,62,999.0
1,1.0,1.0,1.0,1.0,B,24,1,22,,,,3,26,2019,3.0,2019.0,2,16,99,999.0
4,1.0,2.0,1.0,2.0,I,30,1,2,,,,5,28,2019,3.0,2019.0,2,02,70,0.0
7,1.0,1.0,1.0,2.0,O,34,1,23,,,,12,3,2019,3.0,2019.0,6,02,99,140.0
7,1.0,1.0,1.0,1.0,W,45,1,1,,,,3,16,2019,7.0,2019.0,2,24,45,140.0
7,1.0,1.0,1.0,2.0,W,44,1,23,,,,1,31,2019,5.0,2019.0,8,99,99,999.0
8,1.0,1.0,1.0,2.0,W,31,1,2,,,,12,23,2018,1.0,2018.0,11,24,62,0.0
9,1.0,1.0,1.0,2.0,W,58,1,2,,,,5,2,2019,5.0,2019.0,2,13,62,0.0
9,1.0,1.0,1.0,1.0,W,71,1,22,,,,11,30,2019,7.0,2019.0,6,02,45,0.0
10,1.0,1.0,1.0,2.0,W,77,1,2,,,,3,14,2019,5.0,2019.0,2,02,99,999.0
10,1.0,1.0,1.0,2.0,H,26,1,23,,,,4,14,2019,1.0,2019.0,2,99,62,999.0
10,1.0,1.0,1.0,2.0,B,26,1,23,,,,5,4,2019,7.0,2019.0,2,02,62,999.0
10,1.0,1.0,1.0,2.0,A,78,1,2,,,,10,15,2019,3.0,2019.0,1,02,62,999.0
13,1.0,1.0,1.0,2.0,H,43,1,2,,,,2,8,2019,6.0,2019.0,2,03,99,999.0
15,1.0,1.0,1.0,2.0,H,51,1,23,,,,4,11,2019,5.0,2019.0,2,03,62,999.0
15,1.0,1.0,1.0,2.0,W,75,1,2,,,,5,8,2019,4.0,2019.0,1,24,26,999.0
15,1.0,1.0,1.0,2.0,W,57,1,2,,,,7,11,2019,5.0,2019.0,7,24,62,999.0
15,1.0,1.0,1.0,2.0,H,36,1,23,,,,7,21,2019,1.0,2019.0,2,99,62,999.0
15,1.0,1.0,1.0,1.0,W,59,1,24,,,,6,5,2019,4.0,2019.0,2,03,99,999.0
15,1.0,1.0,1.0,2.0,W,75,1,2,,,,5,8,2019,4.0,2019.0,1,02,99,999.0
19,1.0,1.0,1.0,2.0,H,41,1,2,,,,1,5,2019,7.0,2019.0,7,24,62,0.0
19,1.0,1.0,1.0,2.0,H,43,1,23,,,,2,13,2019,4.0,2019.0,2,24,70,0.0
19,1.0,1.0,1.0,1.0,W,31,1,22,,,,4,9,2019,3.0,2019.0,6,02,70,0.0
19,1.0,1.0,1.0,2.0,W,83,1,2,,,,7,20,2019,7.0,2019.0,6,24,70,0.0
19,1.0,1.0,1.0,2.0,H,52,1,2,,,,2,13,2019,4.0,2019.0,2,02,62,140.0
19,1.0,1.0,1.0,2.0,H,48,1,4,,,,2,23,2019,7.0,2019.0,6,02,62,0.0
19,1.0,1.0,1.0,2.0,A,38,1,2,,,,4,11,2019,5.0,2019.0,2,24,62,0.0
19,1.0,1.0,1.0,2.0,H,32,1,2,,,,6,22,2019,7.0,2019.0,6,02,62,0.0
19,3.0,4.0,1.0,2.0,H,44,1,23,,,,7,25,2019,5.0,2019.0,2,04,62,0.0
19,1.0,1.0,1.0,2.0,H,49,1,2,,,,8,15,2019,5.0,2019.0,2,24,62,0.0
19,1.0,1.0,1.0,2.0,A,39,1,2,,,,8,19,2019,2.0,2019.0,2,24,62,0.0
19,1.0,2.0,1.0,2.0,W,60,1,2,,,,9,11,2019,4.0,2019.0,2,24,62,0.0
19,1.0,1.0,1.0,2.0,B,32,1,23,,,,3,11,2019,2.0,2019.0,2,24,62,0.0
19,1.0,1.0,1.0,2.0,B,65,1,2,,,,6,6,2019,5.0,2019.0,6,24,62,0.0
19,1.0,1.0,1.0,1.0,B,26,1,22,,,,7,28,2019,1.0,2019.0,6,03,62,0.0
19,1.0,1.0,1.0,2.0,H,27,1,23,,,,7,18,2019,5.0,2019.0,2,16,62,0.0
19,1.0,1.0,1.0,2.0,W,34,1,23,,,,10,29,2019,3.0,2019.0,8,16,62,0.0
19,1.0,1.0,1.0,2.0,H,38,1,23,,,,1,29,2019,3.0,2019.0,25,18,62,0.0
19,1.0,1.0,1.0,2.0,H,43,1,2,,,,3,31,2019,1.0,2019.0,6,07,62,0.0
19,1.0,1.0,1.0,2.0,D,37,1,23,,,,5,7,2019,3.0,2019.0,7,24,62,0.0
19,1.0,1.0,1.0,2.0,H,46,1,23,,,,7,11,2019,5.0,2019.0,1,16,62,0.0
19,1.0,1.0,1.0,2.0,W,46,1,23,,,,12,7,2019,7.0,2019.0,7,16,62,0.0
19,1.0,1.0,1.0,2.0,W,58,1,23,,,,3,18,2019,2.0,2019.0,6,02,62,0.0
19,1.0,1.0,1.0,1.0,A,62,1,1,,,,6,6,2019,5.0,2019.0,6,24,62,0.0
19,1.0,1.0,1.0,2.0,W,45,1,2,,,,9,26,2019,5.0,2019.0,6,02,70,0.0
19,1.0,1.0,1.0,1.0,B,41,1,22,,,,3,16,2019,7.0,2019.0,6,02,45,0.0
23,1.0,1.0,1.0,2.0,W,32,1,23,,,,1,8,2019,3.0,2019.0,3,02,62,140.0
24,1.0,1.0,1.0,2.0,H,40,1,2,,,,5,18,2019,7.0,2019.0,6,00,45,999.0
29,1.0,1.0,1.0,2.0,W,63,1,2,,,,10,30,2019,4.0,2019.0,8,02,45,999.0
30,1.0,1.0,1.0,2.0,W,40,1,2,,,,9,6,2019,6.0,2019.0,2,24,70,0.0
30,1.0,1.0,1.0,2.0,W,45,1,2,,,,11,13,2016,1.0,2016.0,11,02,99,0.0
30,1.0,1.0,1.0,2.0,V,57,1,2,,,,1,1,2019,3.0,2019.0,6,24,62,0.0
30,1.0,1.0,1.0,2.0,H,26,1,2,,,,5,24,2019,6.0,2019.0,11,02,62,999.0
30,1.0,1.0,1.0,2.0,W,48,1,23,,,,5,15,2018,3.0,2018.0,14,07,99,0.0
31,1.0,1.0,1.0,2.0,W,23,1,2,,,,10,16,2019,4.0,2019.0,3,02,62,999.0
31,1.0,1.0,1.0,2.0,W,63,1,2,,,,5,11,2019,7.0,2019.0,6,02,99,999.0
33,1.0,1.0,1.0,2.0,H,24,1,23,,,,6,1,2019,7.0,2019.0,2,03,99,999.0
33,1.0,1.0,1.0,2.0,W,42,1,23,,,,9,1,2019,1.0,2019.0,8,24,99,999.0
33,1.0,1.0,1.0,2.0,H,0,1,2,,,,10,11,2019,6.0,2019.0,2,24,26,999.0
33,1.0,1.0,1.0,2.0,W,63,1,29,,,,12,6,2019,6.0,2019.0,2,02,62,0.0
33,1.0,2.0,1.0,2.0,W,47,1,23,,,,8,16,2019,6.0,2019.0,2,02,62,0.0
33,1.0,1.0,1.0,2.0,W,74,1,2,,,,11,15,2018,5.0,2018.0,1,02,99,999.0
33,1.0,1.0,1.0,2.0,W,33,1,23,,,,10,27,2019,1.0,2019.0,6,24,99,999.0
33,1.0,1.0,1.0,2.0,H,23,1,23,,,,1,13,2019,1.0,2019.0,2,07,99,0.0
33,1.0,1.0,1.0,2.0,B,44,1,2,,,,12,4,2019,4.0,2019.0,8,02,99,0.0
33,1.0,1.0,1.0,2.0,W,45,1,2,,,,1,7,2019,2.0,2019.0,2,24,45,999.0
33,1.0,1.0,1.0,2.0,W,27,1,2,,,,1,27,2019,1.0,2019.0,2,24,99,999.0
33,1.0,1.0,1.0,2.0,W,24,1,23,,,,1,17,2019,5.0,2019.0,6,03,99,999.0
33,1.0,1.0,1.0,2.0,H,48,1,25,,,,9,23,2019,2.0,2019.0,2,99,99,999.0
33,1.0,1.0,1.0,2.0,H,40,1,23,,,,10,30,2019,4.0,2019.0,2,13,99,999.0
33,1.0,1.0,1.0,2.0,H,44,1,2,,,,2,5,2019,3.0,2019.0,11,24,99,999.0
34,1.0,1.0,1.0,2.0,B,19,1,23,,,,1,8,2019,3.0,2019.0,2,02,62,0.0
34,1.0,1.0,1.0,2.0,W,51,1,2,,,,8,1,2019,5.0,2019.0,2,16,62,0.0
34,1.0,1.0,1.0,2.0,W,79,1,2,,,,8,6,2019,3.0,2019.0,1,02,62,0.0
34,1.0,1.0,1.0,1.0,B,38,1,22,,,,9,7,2019,7.0,2019.0,6,24,62,0.0
34,1.0,1.0,1.0,2.0,B,23,1,23,,,,10,27,2019,1.0,2019.0,2,06,45,0.0
34,1.0,1.0,1.0,2.0,W,85,1,2,,,,12,1,2019,1.0,2019.0,2,24,26,0.0
34,1.0,1.0,1.0,1.0,B,32,1,22,,,,3,2,2019,7.0,2019.0,6,13,62,0.0
34,1.0,1.0,1.0,1.0,H,54,1,22,,,,5,14,2019,3.0,2019.0,2,13,45,0.0
34,1.0,1.0,1.0,2.0,W,63,1,23,,,,5,31,2019,6.0,2019.0,6,16,62,0.0
36,1.0,1.0,1.0,1.0,W,54,1,22,,,,1,30,2019,4.0,2019.0,6,24,62,0.0
36,1.0,1.0,1.0,1.0,W,57,1,22,,,,1,30,2019,4.0,2019.0,6,03,44,0.0
36,1.0,1.0,1.0,1.0,H,20,1,22,,,,2,8,2019,6.0,2019.0,2,99,62,0.0
36,1.0,1.0,1.0,2.0,W,49,1,23,,,,12,2,2019,2.0,2019.0,6,24,62,0.0
36,1.0,1.0,1.0,2.0,H,25,1,23,,,,3,21,2019,5.0,2019.0,2,15,62,0.0
36,1.0,1.0,1.0,2.0,H,58,1,4,,,,6,17,2019,2.0,2019.0,6,02,62,0.0
36,1.0,1.0,1.0,2.0,H,35,1,23,,,,9,2,2019,2.0,2019.0,2,01,99,0.0
36,1.0,1.0,1.0,2.0,H,54,1,2,,,,7,8,2019,2.0,2019.0,2,15,62,0.0
36,1.0,1.0,1.0,2.0,B,35,1,23,,,,8,30,2019,6.0,2019.0,2,00,62,0.0
36,1.0,1.0,1.0,2.0,W,53,1,2,,,,10,5,2019,7.0,2019.0,2,24,62,0.0
37,1.0,1.0,1.0,2.0,F,27,1,23,,,,2,23,2019,7.0,2019.0,2,03,99,0.0
37,1.0,1.0,1.0,1.0,W,62,1,1,,,,9,17,2019,3.0,2019.0,8,02,62,0.0
37,1.0,1.0,1.0,2.0,W,86,1,2,,,,11,28,2019,5.0,2019.0,2,02,62,0.0
37,1.0,1.0,1.0,2.0,H,55,1,23,,,,7,18,2019,5.0,2019.0,0,01,45,0.0
37,1.0,1.0,1.0,2.0,W,19,1,23,,,,2,26,2019,3.0,2019.0,2,02,62,0.0
37,1.0,1.0,1.0,2.0,B,36,1,2,,,,3,4,2019,2.0,2019.0,7,02,62,0.0
37,1.0,1.0,1.0,2.0,D,53,1,2,,,,4,18,2019,5.0,2019.0,7,02,62,0.0
37,1.0,1.0,1.0,2.0,H,25,1,23,,,,10,13,2019,1.0,2019.0,6,02,62,0.0
37,2.0,5.0,1.0,2.0,H,29,1,2,,,,11,16,2019,7.0,2019.0,1,02,62,0.0
37,1.0,1.0,1.0,2.0,H,29,1,23,,,,12,5,2019,5.0,2019.0,4,02,62,0.0
37,1.0,1.0,1.0,2.0,O,59,1,2,,,,4,13,2019,7.0,2019.0,2,02,62,0.0
37,1.0,1.0,1.0,2.0,W,43,1,23,,,,9,20,2019,6.0,2019.0,8,02,62,0.0
38,1.0,1.0,2.0,1.0,W,23,1,29,29.0,,,2,4,2019,2.0,2019.0,10,01,46,172.0
38,1.0,1.0,1.0,2.0,H,63,1,23,,,,6,22,2019,7.0,2019.0,0,02,99,999.0
38,1.0,1.0,1.0,2.0,H,21,1,23,,,,10,24,2019,5.0,2019.0,2,02,62,999.0
38,1.0,1.0,1.0,1.0,W,41,1,22,,,,10,26,2019,7.0,2019.0,15,16,62,999.0
39,1.0,1.0,1.0,2.0,W,59,1,2,,,,5,22,2019,4.0,2019.0,2,02,45,150.0
39,1.0,1.0,1.0,1.0,H,59,1,24,,,,10,30,2019,4.0,2019.0,15,16,62,150.0
39,1.0,1.0,1.0,2.0,H,29,1,23,,,,6,17,2019,2.0,2019.0,2,24,62,0.0
39,1.0,1.0,1.0,2.0,H,18,1,23,,,,6,22,2019,7.0,2019.0,6,03,62,0.0
41,1.0,1.0,1.0,2.0,W,87,1,4,,,,1,5,2019,7.0,2019.0,2,02,99,0.0
41,1.0,1.0,1.0,2.0,F,39,1,23,,,,3,3,2019,1.0,2019.0,6,02,62,140.0
41,1.0,1.0,1.0,2.0,W,74,1,2,,,,6,26,2019,4.0,2019.0,2,24,62,0.0
41,1.0,1.0,1.0,1.0,H,35,1,22,,,,10,7,2019,2.0,2019.0,6,13,62,0.0
42,1.0,1.0,1.0,2.0,H,29,1,23,,,,6,3,2019,2.0,2019.0,25,13,62,0.0
42,1.0,1.0,1.0,2.0,W,83,1,2,,,,6,10,2019,2.0,2019.0,2,02,26,0.0
42,4.0,4.0,1.0,2.0,W,65,1,2,,,,6,21,2019,6.0,2019.0,1,24,26,0.0
43,1.0,1.0,1.0,1.0,H,31,1,22,,,,12,25,2019,4.0,2019.0,15,16,62,0.0
44,1.0,1.0,1.0,2.0,W,61,1,23,,,,1,30,2019,4.0,2019.0,4,24,45,0.0
44,1.0,1.0,1.0,2.0,W,45,1,2,,,,6,16,2019,1.0,2019.0,4,24,62,140.0
44,1.0,1.0,1.0,1.0,W,63,1,1,,,,8,24,2019,7.0,2019.0,6,02,45,0.0
48,1.0,1.0,1.0,2.0,P,50,1,23,,,,4,13,2019,7.0,2019.0,8,03,62,0.0
48,1.0,1.0,1.0,2.0,B,37,1,23,,,,5,29,2019,4.0,2019.0,6,24,62,0.0
49,1.0,1.0,1.0,2.0,W,79,1,2,,,,3,27,2019,4.0,2019.0,2,13,99,0.0
50,1.0,1.0,1.0,2.0,H,25,1,23,,,,4,8,2019,2.0,2019.0,11,16,62,0.0
50,1.0,1.0,1.0,2.0,W,55,1,2,,,,8,18,2019,1.0,2019.0,25,02,26,0.0
52,1.0,1.0,1.0,2.0,W,39,1,2,,,,1,16,2019,4.0,2019.0,2,24,62,0.0
52,1.0,1.0,1.0,1.0,B,55,1,22,,,,6,18,2019,3.0,2019.0,6,03,45,0.0
53,1.0,1.0,1.0,1.0,A,48,1,1,,,,12,4,2019,4.0,2019.0,2,24,62,0.0
54,1.0,1.0,3.0,2.0,H,20,1,23,21.0,21.0,,11,25,2019,2.0,2019.0,2,03,99,0.0
54,1.0,1.0,1.0,1.0,H,21,1,22,,,,10,5,2019,7.0,2019.0,1,24,62,0.0
56,1.0,1.0,1.0,1.0,H,49,1,22,,,,10,21,2019,2.0,2019.0,6,13,62,0.0
56,1.0,1.0,1.0,2.0,H,26,1,23,,,,7,14,2019,1.0,2019.0,3,03,26,0.0
56,1.0,1.0,1.0,1.0,W,70,1,1,,,,3,12,2019,3.0,2019.0,8,24,62,0.0
7,1.0,1.0,1.0,2.0,B,17,1,23,,,,11,26,2019,3.0,2019.0,2,03,62,0.0
10,1.0,1.0,1.0,2.0,H,32,1,23,,,,1,19,2019,7.0,2019.0,8,02,62,999.0
14,1.0,1.0,1.0,2.0,H,69,1,2,,,,7,23,2019,3.0,2019.0,1,19,26,0.0
15,1.0,2.0,1.0,2.0,P,34,1,2,,,,9,23,2019,2.0,2019.0,1,02,45,0.0
30,1.0,1.0,1.0,2.0,O,58,1,2,,,,10,19,2015,2.0,2015.0,8,16,62,0.0
31,3.0,3.0,1.0,2.0,A,46,1,2,,,,10,14,2019,2.0,2019.0,11,02,99,999.0
1,1.0,1.0,1.0,2.0,H,51,1,2,,,,9,6,2020,1.0,2020.0,2,02,62,999.0
1,1.0,1.0,1.0,2.0,H,38,1,2,,,,2,4,2020,3.0,2020.0,6,02,62,140.0
1,1.0,1.0,1.0,2.0,W,47,1,23,,,,4,8,2020,4.0,2020.0,7,13,99,999.0
1,1.0,1.0,1.0,2.0,B,32,1,29,,,,3,31,2020,3.0,2020.0,0,99,62,999.0
1,1.0,1.0,1.0,2.0,B,16,1,23,,,,9,16,2020,4.0,2020.0,2,13,45,999.0
1,1.0,1.0,1.0,1.0,B,34,1,22,,,,5,20,2020,4.0,2020.0,6,99,99,999.0
1,1.0,1.0,1.0,2.0,H,28,1,23,,,,1,1,2020,4.0,2020.0,1,99,99,999.0
3,1.0,1.0,1.0,2.0,W,37,1,23,,,,12,31,2019,3.0,2019.0,4,24,70,0.0
4,1.0,1.0,1.0,1.0,W,22,1,1,,,,11,6,2020,6.0,2020.0,1,24,99,999.0
7,1.0,1.0,1.0,2.0,B,24,1,23,,,,7,27,2020,2.0,2020.0,2,06,62,150.0
7,1.0,1.0,1.0,2.0,H,28,1,23,,,,8,11,2020,3.0,2020.0,2,02,46,999.0
10,1.0,1.0,1.0,2.0,B,57,1,23,,,,7,20,2020,2.0,2020.0,6,02,99,999.0
15,1.0,1.0,1.0,2.0,H,34,1,23,,,,4,12,2020,1.0,2020.0,1,02,62,999.0
15,1.0,1.0,1.0,2.0,B,31,1,23,,,,8,22,2020,7.0,2020.0,2,06,45,999.0
15,1.0,1.0,1.0,2.0,W,58,1,2,,,,12,6,2020,1.0,2020.0,7,24,26,0.0
15,1.0,1.0,1.0,2.0,W,54,1,2,,,,6,30,2020,3.0,2020.0,0,02,62,999.0
16,1.0,1.0,1.0,1.0,W,54,1,29,,,,7,10,2020,6.0,2020.0,6,02,44,999.0
19,1.0,1.0,1.0,2.0,A,34,1,2,,,,6,26,2020,6.0,2020.0,2,24,99,999.0
19,1.0,1.0,1.0,2.0,H,20,1,23,,,,8,3,2020,2.0,2020.0,2,24,99,999.0
19,1.0,1.0,1.0,2.0,A,67,1,2,,,,7,6,2020,2.0,2020.0,8,02,62,0.0
19,1.0,1.0,1.0,2.0,W,86,1,2,,,,9,1,2020,3.0,2020.0,2,02,45,999.0
19,1.0,1.0,1.0,2.0,H,37,1,2,,,,1,1,2020,4.0,2020.0,2,02,62,999.0
19,1.0,1.0,1.0,2.0,W,49,1,23,,,,7,18,2020,7.0,2020.0,2,02,62,0.0
19,1.0,1.0,1.0,2.0,W,48,1,4,,,,7,21,2020,3.0,2020.0,3,24,26,0.0
19,1.0,1.0,1.0,1.0,H,31,1,22,,,,7,29,2020,4.0,2020.0,1,01,45,0.0
19,1.0,1.0,1.0,2.0,H,25,1,23,,,,10,8,2020,5.0,2020.0,2,03,62,0.0
19,1.0,1.0,1.0,1.0,B,37,1,3,,,,1,19,2020,1.0,2020.0,6,24,62,0.0
19,1.0,1.0,1.0,2.0,K,51,1,25,,,,1,22,2020,4.0,2020.0,11,24,62,0.0
19,1.0,1.0,1.0,2.0,W,38,1,23,,,,2,15,2020,7.0,2020.0,8,02,62,0.0
19,1.0,1.0,1.0,2.0,B,58,1,23,,,,5,20,2020,4.0,2020.0,6,16,62,0.0
19,1.0,1.0,1.0,2.0,H,56,1,25,,,,5,14,2020,5.0,2020.0,6,02,62,0.0
19,1.0,1.0,1.0,1.0,A,28,1,22,,,,8,28,2020,6.0,2020.0,2,02,62,0.0
19,1.0,1.0,1.0,1.0,B,50,1,22,,,,9,12,2020,7.0,2020.0,2,01,62,0.0
19,1.0,1.0,1.0,1.0,H,21,1,22,,,,10,6,2020,3.0,2020.0,6,02,62,0.0
19,1.0,1.0,1.0,2.0,H,34,1,23,,,,10,14,2020,4.0,2020.0,2,02,62,0.0
19,1.0,1.0,1.0,2.0,C,79,1,2,,,,11,23,2020,2.0,2020.0,7,24,62,0.0
19,1.0,1.0,1.0,2.0,W,27,1,23,,,,3,16,2020,2.0,2020.0,7,02,62,0.0
19,1.0,1.0,1.0,2.0,B,63,1,2,,,,6,17,2020,4.0,2020.0,6,24,99,0.0
19,1.0,1.0,1.0,2.0,B,34,1,23,,,,10,24,2020,7.0,2020.0,15,02,62,999.0
19,1.0,1.0,1.0,2.0,H,32,1,2,,,,4,18,2020,7.0,2020.0,11,02,62,0.0
19,1.0,1.0,1.0,2.0,B,63,1,23,,,,3,18,2020,4.0,2020.0,6,02,70,0.0
19,1.0,1.0,1.0,2.0,H,28,1,23,,,,10,20,2020,3.0,2020.0,11,13,70,999.0
19,1.0,1.0,1.0,2.0,H,36,1,2,,,,10,16,2020,6.0,2020.0,2,18,62,0.0
19,1.0,1.0,1.0,2.0,H,28,1,23,,,,12,23,2020,4.0,2020.0,1,01,62,0.0
19,1.0,1.0,1.0,2.0,A,26,1,23,,,,4,16,2020,5.0,2020.0,2,02,70,0.0
19,1.0,1.0,1.0,2.0,H,46,1,2,,,,12,22,2020,3.0,2020.0,2,07,62,0.0
19,1.0,1.0,1.0,2.0,H,66,1,2,,,,7,14,2020,3.0,2020.0,13,24,9,178.0
19,1.0,1.0,1.0,2.0,W,51,1,25,,,,3,22,2020,1.0,2020.0,6,02,62,999.0
20,1.0,1.0,1.0,2.0,H,42,1,23,,,,3,27,2020,6.0,2020.0,2,02,45,999.0
20,1.0,1.0,1.0,1.0,W,34,1,1,,,,4,16,2020,5.0,2020.0,4,02,99,999.0
20,1.0,1.0,1.0,2.0,W,32,1,2,,,,7,14,2020,3.0,2020.0,2,16,99,999.0
24,1.0,1.0,1.0,2.0,H,51,1,23,,,,12,14,2020,2.0,2020.0,8,16,99,999.0
25,1.0,1.0,1.0,1.0,J,54,1,22,,,,3,9,2020,2.0,2020.0,6,02,62,0.0
30,1.0,1.0,1.0,2.0,O,55,1,2,,,,4,6,2020,2.0,2020.0,2,02,26,999.0
30,1.0,1.0,1.0,2.0,W,25,1,23,,,,9,2,2020,4.0,2020.0,6,02,62,999.0
30,1.0,1.0,1.0,1.0,W,66,1,1,,,,7,27,2019,7.0,2019.0,2,24,60,0.0
30,1.0,1.0,1.0,2.0,H,45,1,2,,,,1,14,2020,3.0,2020.0,6,02,45,999.0
30,1.0,1.0,1.0,2.0,H,57,1,23,,,,10,26,2020,2.0,2020.0,11,15,62,999.0
30,1.0,1.0,1.0,2.0,B,43,1,2,,,,6,10,2020,4.0,2020.0,1,01,62,0.0
31,1.0,1.0,1.0,2.0,W,45,1,2,,,,3,8,2020,1.0,2020.0,2,24,99,999.0
32,1.0,1.0,1.0,1.0,W,32,1,22,,,,9,16,2020,4.0,2020.0,6,02,70,999.0
33,1.0,1.0,1.0,2.0,B,31,1,23,,,,1,7,2020,3.0,2020.0,6,15,99,999.0
33,1.0,1.0,1.0,2.0,W,59,1,23,,,,6,7,2020,1.0,2020.0,2,02,99,999.0
33,1.0,1.0,1.0,2.0,U,24,1,25,,,,11,7,2020,7.0,2020.0,2,02,99,999.0
33,1.0,1.0,1.0,2.0,W,32,1,23,,,,1,14,2020,3.0,2020.0,1,02,99,999.0
33,1.0,1.0,1.0,2.0,H,32,1,23,,,,10,17,2020,7.0,2020.0,0,03,62,999.0
33,1.0,1.0,1.0,1.0,H,49,1,29,,,,3,12,2016,7.0,2020.0,7,02,99,0.0
33,1.0,1.0,1.0,2.0,W,48,1,23,,,,7,5,2020,1.0,2020.0,2,02,99,999.0
33,1.0,1.0,1.0,1.0,B,53,1,22,,,,3,9,2020,2.0,2020.0,4,02,62,0.0
33,1.0,3.0,1.0,2.0,H,39,1,2,,,,4,6,2020,2.0,2020.0,2,24,99,999.0
33,1.0,1.0,1.0,2.0,B,37,1,2,,,,8,16,2020,1.0,2020.0,2,24,99,999.0
34,1.0,1.0,1.0,2.0,B,23,1,4,,,,7,27,2020,2.0,2020.0,2,15,62,0.0
34,1.0,1.0,1.0,2.0,H,38,1,2,,,,10,28,2020,4.0,2020.0,8,24,62,0.0
34,1.0,1.0,1.0,1.0,H,23,1,22,,,,11,1,2020,1.0,2020.0,2,18,62,0.0
34,1.0,1.0,1.0,1.0,W,29,1,22,,,,11,29,2020,1.0,2020.0,1,24,62,0.0
34,1.0,1.0,1.0,2.0,W,73,1,2,,,,5,26,2020,3.0,2020.0,2,99,62,0.0
34,1.0,1.0,1.0,2.0,B,26,1,2,,,,12,21,2020,2.0,2020.0,1,24,62,0.0
34,1.0,1.0,1.0,2.0,A,32,1,2,,,,1,14,2020,3.0,2020.0,6,13,62,0.0
34,1.0,1.0,1.0,2.0,A,56,1,2,,,,4,6,2020,2.0,2020.0,1,13,26,0.0
34,1.0,1.0,1.0,2.0,A,52,1,23,,,,2,12,2020,4.0,2020.0,8,24,62,0.0
34,1.0,1.0,1.0,2.0,W,52,1,23,,,,1,10,2020,6.0,2020.0,7,02,18,140.0
35,1.0,1.0,1.0,2.0,W,76,1,2,,,,11,26,2020,5.0,2020.0,2,24,99,999.0
36,1.0,1.0,1.0,1.0,W,29,1,22,,,,2,3,2020,2.0,2020.0,2,99,99,0.0
36,1.0,1.0,1.0,2.0,H,35,1,4,,,,3,5,2020,5.0,2020.0,2,16,62,0.0
36,1.0,1.0,1.0,2.0,W,64,1,2,,,,10,23,2020,6.0,2020.0,4,24,62,0.0
36,1.0,1.0,1.0,2.0,W,34,1,2,,,,12,1,2020,3.0,2020.0,3,24,62,0.0
36,1.0,1.0,1.0,1.0,B,41,1,1,,,,10,31,2020,7.0,2020.0,15,16,99,999.0
36,1.0,1.0,1.0,1.0,B,54,1,1,,,,5,25,2020,2.0,2020.0,6,24,99,999.0
36,2.0,2.0,1.0,2.0,B,39,1,23,,,,8,26,2020,4.0,2020.0,2,24,62,0.0
36,1.0,1.0,1.0,2.0,H,20,1,23,,,,10,5,2020,2.0,2020.0,8,15,62,0.0
36,1.0,1.0,1.0,2.0,B,23,1,23,,,,7,3,2020,6.0,2020.0,1,02,62,0.0
36,1.0,1.0,1.0,2.0,W,27,1,23,,,,3,6,2020,6.0,2020.0,6,02,62,0.0
36,1.0,3.0,1.0,2.0,H,43,1,23,,,,4,29,2020,4.0,2020.0,7,24,62,0.0
36,1.0,1.0,1.0,2.0,H,30,1,4,,,,6,17,2020,4.0,2020.0,0,24,62,0.0
36,1.0,1.0,1.0,1.0,W,56,1,29,,,,7,5,2020,1.0,2020.0,6,24,62,0.0
36,1.0,1.0,1.0,2.0,B,29,1,23,,,,10,11,2020,1.0,2020.0,2,24,62,0.0
36,1.0,1.0,1.0,2.0,B,48,1,23,,,,11,3,2020,3.0,2020.0,2,24,62,0.0
36,1.0,1.0,1.0,2.0,A,29,1,2,,,,7,18,2020,7.0,2020.0,6,24,62,0.0
36,1.0,1.0,2.0,2.0,H,23,1,23,30.0,,,10,7,2020,4.0,2020.0,8,24,62,0.0
37,1.0,1.0,1.0,1.0,H,41,1,22,,,,8,7,2020,6.0,2020.0,6,24,62,0.0
37,1.0,1.0,1.0,1.0,W,38,1,29,,,,8,10,2020,2.0,2020.0,6,24,62,0.0
37,1.0,1.0,1.0,2.0,H,31,1,23,,,,11,1,2020,1.0,2020.0,1,02,62,0.0
37,1.0,1.0,1.0,2.0,O,72,1,2,,,,12,14,2020,2.0,2020.0,1,24,62,0.0
37,1.0,1.0,1.0,2.0,O,40,1,23,,,,6,16,2020,3.0,2020.0,0,02,45,999.0
37,1.0,1.0,1.0,2.0,W,89,1,2,,,,8,18,2020,3.0,2020.0,2,15,99,999.0
37,1.0,1.0,1.0,1.0,O,75,1,1,,,,8,10,2019,7.0,2019.0,0,02,26,0.0
37,1.0,2.0,1.0,2.0,F,37,1,23,,,,7,12,2020,1.0,2020.0,1,02,62,0.0
37,1.0,1.0,1.0,2.0,H,19,1,23,,,,7,15,2020,4.0,2020.0,2,02,45,0.0
37,1.0,1.0,1.0,1.0,B,33,1,22,,,,9,18,2020,6.0,2020.0,2,02,62,0.0
37,1.0,1.0,1.0,1.0,B,45,1,22,,,,10,1,2020,5.0,2020.0,7,02,45,0.0
38,1.0,1.0,1.0,1.0,A,26,1,22,,,,3,26,2020,5.0,2020.0,2,01,99,999.0
38,1.0,1.0,1.0,1.0,B,58,1,22,,,,9,18,2020,6.0,2020.0,6,02,62,999.0
38,1.0,1.0,1.0,2.0,A,68,1,2,,,,12,18,2020,6.0,2020.0,11,02,62,0.0
39,1.0,1.0,1.0,1.0,W,61,1,1,,,,2,20,2020,5.0,2020.0,1,02,62,0.0
39,1.0,1.0,1.0,2.0,H,16,1,23,,,,7,20,2020,2.0,2020.0,1,16,99,0.0
39,1.0,1.0,1.0,1.0,W,68,1,1,,,,6,27,2020,7.0,2020.0,1,24,45,0.0
39,1.0,1.0,1.0,2.0,F,45,1,2,,,,8,16,2019,6.0,2019.0,1,24,62,0.0
39,1.0,1.0,1.0,1.0,B,75,1,1,,,,3,11,2020,4.0,2020.0,6,24,62,0.0
39,1.0,1.0,1.0,2.0,H,33,1,23,,,,8,14,2020,6.0,2020.0,1,24,62,0.0
39,1.0,1.0,1.0,2.0,H,90,1,2,,,,8,23,2020,1.0,2020.0,1,24,62,0.0
39,1.0,1.0,1.0,2.0,H,36,1,2,,,,11,1,2020,1.0,2020.0,1,24,99,999.0
41,1.0,1.0,1.0,2.0,H,28,1,23,,,,12,22,2020,3.0,2020.0,6,13,62,0.0
41,1.0,1.0,1.0,2.0,B,56,1,23,,,,9,7,2020,2.0,2020.0,2,06,62,0.0
42,1.0,1.0,1.0,2.0,W,18,1,23,,,,3,25,2020,4.0,2020.0,4,00,99,999.0
42,1.0,1.0,1.0,2.0,H,58,1,2,,,,1,16,2020,5.0,2020.0,2,13,62,0.0
43,1.0,1.0,1.0,2.0,J,26,1,23,,,,2,18,2020,3.0,2020.0,6,24,99,0.0
43,1.0,1.0,1.0,2.0,H,47,1,23,,,,8,17,2020,2.0,2020.0,7,02,62,0.0
43,1.0,1.0,1.0,2.0,H,40,1,23,,,,10,10,2020,7.0,2020.0,2,15,62,0.0
43,1.0,1.0,1.0,2.0,H,56,1,23,,,,1,25,2020,7.0,2020.0,6,02,62,0.0
43,1.0,1.0,1.0,2.0,W,83,1,2,,,,5,28,2020,5.0,2020.0,1,02,26,0.0
44,1.0,1.0,1.0,2.0,H,24,1,2,,,,10,15,2020,5.0,2020.0,7,02,99,999.0
45,1.0,1.0,1.0,2.0,W,62,1,2,,,,8,4,2020,3.0,2020.0,7,02,45,0.0
48,1.0,1.0,1.0,2.0,B,33,1,23,,,,6,29,2020,2.0,2020.0,2,02,62,0.0
48,1.0,2.0,1.0,2.0,B,26,1,23,,,,2,13,2020,5.0,2020.0,2,15,62,0.0
48,1.0,2.0,1.0,2.0,B,53,1,23,,,,4,20,2020,2.0,2020.0,4,03,62,0.0
49,1.0,1.0,1.0,2.0,W,54,1,2,,,,7,2,2020,5.0,2020.0,2,02,62,0.0
49,1.0,1.0,1.0,2.0,W,28,1,23,,,,10,2,2020,6.0,2020.0,7,03,99,999.0
50,1.0,2.0,1.0,2.0,O,34,1,4,,,,6,15,2020,2.0,2020.0,2,02,26,0.0
50,1.0,1.0,1.0,2.0,H,29,1,25,,,,8,13,2020,5.0,2020.0,2,13,99,999.0
50,1.0,1.0,1.0,2.0,A,28,1,23,,,,6,3,2020,4.0,2020.0,6,02,62,999.0
51,1.0,1.0,1.0,2.0,W,37,1,23,,,,7,19,2020,1.0,2020.0,15,19,62,140.0
56,1.0,1.0,1.0,2.0,H,31,1,23,,,,2,27,2020,5.0,2020.0,6,13,62,140.0
56,1.0,1.0,1.0,2.0,W,36,1,23,,,,10,7,2020,4.0,2020.0,7,01,62,0.0
1,1.0,1.0,1.0,2.0,W,80,1,2,,,,7,4,2020,7.0,2020.0,3,02,99,999.0
19,1.0,1.0,1.0,2.0,A,51,1,23,,,,10,8,2020,5.0,2020.0,2,02,62,0.0
30,1.0,1.0,1.0,2.0,W,62,1,2,,,,7,27,2019,7.0,2019.0,2,24,60,0.0
37,1.0,1.0,1.0,1.0,H,63,1,22,,,,12,22,2020,3.0,2020.0,6,02,26,0.0
37,1.0,1.0,1.0,2.0,W,37,1,23,,,,5,31,2020,1.0,2020.0,8,03,17,174.0
40,1.0,1.0,1.0,1.0,W,35,1,1,,,,7,16,2020,5.0,2020.0,2,02,26,0.0
1,1.0,1.0,1.0,1.0,A,40,1,22,,,,12,13,2021,2.0,2021.0,15,16,62,999.0
1,1.0,1.0,1.0,2.0,C,32,1,2,,,,5,3,2021,2.0,2021.0,2,02,99,999.0
7,1.0,1.0,1.0,2.0,H,44,1,23,,,,10,2,2021,7.0,2021.0,6,16,45,0.0
7,1.0,1.0,1.0,1.0,B,60,1,1,,,,7,26,2021,2.0,2021.0,1,02,45,0.0
10,1.0,1.0,1.0,2.0,H,30,1,23,,,,12,9,2021,5.0,2021.0,6,02,99,999.0
10,1.0,1.0,1.0,2.0,W,33,1,25,,,,9,21,2021,3.0,2021.0,1,02,99,999.0
10,1.0,1.0,1.0,1.0,W,67,1,22,,,,12,14,2021,3.0,2021.0,1,02,99,999.0
13,1.0,1.0,1.0,2.0,H,23,1,23,,,,12,24,2021,6.0,2021.0,1,02,70,0.0
15,1.0,1.0,1.0,1.0,W,40,1,22,,,,3,14,2021,1.0,2021.0,6,02,62,999.0
15,1.0,1.0,1.0,2.0,A,21,1,23,,,,5,18,2021,3.0,2021.0,6,99,99,999.0
15,1.0,4.0,1.0,2.0,H,42,1,2,,,,7,25,2021,1.0,2021.0,2,02,99,999.0
15,1.0,1.0,1.0,2.0,H,24,1,23,,,,12,5,2021,1.0,2021.0,2,02,62,999.0
15,1.0,1.0,1.0,2.0,W,34,1,23,,,,3,5,2021,6.0,2021.0,8,03,26,0.0
15,1.0,1.0,1.0,2.0,H,51,1,2,,,,5,31,2021,2.0,2021.0,1,02,26,0.0
15,1.0,2.0,1.0,2.0,B,28,1,2,,,,8,6,2021,6.0,2021.0,1,13,45,0.0
15,1.0,1.0,1.0,1.0,H,37,1,1,,,,10,5,2021,3.0,2021.0,1,24,45,0.0
15,1.0,1.0,1.0,2.0,H,56,1,2,,,,11,8,2021,2.0,2021.0,1,24,45,0.0
15,1.0,1.0,1.0,1.0,H,30,1,22,,,,11,17,2021,4.0,2021.0,1,24,45,0.0
16,1.0,2.0,1.0,2.0,W,19,1,23,,,,3,22,2021,2.0,2021.0,6,02,62,140.0
17,1.0,1.0,1.0,2.0,W,56,1,2,,,,4,20,2021,3.0,2021.0,2,24,62,0.0
19,1.0,1.0,1.0,2.0,B,41,1,23,,,,2,27,2021,7.0,2021.0,2,24,62,0.0
19,1.0,1.0,1.0,2.0,H,27,1,23,,,,11,27,2021,7.0,2021.0,6,02,99,999.0
19,1.0,1.0,1.0,2.0,B,34,1,23,,,,7,28,2021,4.0,2021.0,6,02,45,999.0
19,1.0,1.0,1.0,2.0,H,18,1,23,,,,6,5,2021,7.0,2021.0,1,24,62,0.0
19,2.0,2.0,1.0,2.0,C,36,1,2,,,,4,5,2021,2.0,2021.0,2,14,99,999.0
19,1.0,1.0,1.0,2.0,H,28,1,23,,,,9,24,2021,6.0,2021.0,8,02,70,999.0
19,1.0,1.0,1.0,2.0,B,24,1,23,,,,10,23,2021,7.0,2021.0,2,02,62,0.0
19,1.0,1.0,1.0,2.0,W,54,1,23,,,,1,22,2021,6.0,2021.0,6,02,70,999.0
19,1.0,1.0,2.0,2.0,B,41,1,23,40.0,,,5,21,2021,6.0,2021.0,2,13,99,999.0
19,1.0,1.0,1.0,2.0,W,38,1,2,,,,4,15,2021,5.0,2021.0,6,02,70,999.0
19,1.0,1.0,1.0,2.0,H,35,1,4,,,,1,6,2021,4.0,2021.0,2,13,62,0.0
19,1.0,1.0,1.0,2.0,H,19,1,23,,,,4,26,2019,6.0,2019.0,15,03,26,0.0
19,1.0,1.0,1.0,2.0,H,53,1,2,,,,7,14,2021,4.0,2021.0,6,02,45,0.0
19,1.0,1.0,1.0,2.0,B,48,1,23,,,,8,4,2021,4.0,2021.0,7,02,62,0.0
19,1.0,1.0,1.0,2.0,H,49,1,23,,,,8,28,2021,7.0,2021.0,13,99,62,0.0
19,1.0,1.0,1.0,2.0,H,36,1,23,,,,9,4,2021,7.0,2021.0,11,02,62,0.0
19,1.0,1.0,1.0,2.0,H,36,1,23,,,,10,3,2021,1.0,2021.0,6,02,62,0.0
19,1.0,1.0,1.0,2.0,W,61,1,2,,,,10,9,2021,7.0,2021.0,2,02,62,0.0
19,1.0,1.0,1.0,2.0,W,55,1,4,,,,12,22,2021,4.0,2021.0,6,02,62,0.0
19,1.0,1.0,1.0,1.0,B,66,1,22,,,,1,8,2021,6.0,2021.0,11,01,62,0.0
19,1.0,1.0,1.0,1.0,H,55,1,29,,,,1,17,2021,1.0,2021.0,8,16,45,0.0
19,1.0,1.0,1.0,1.0,H,36,1,1,,,,1,18,2021,2.0,2021.0,6,24,62,0.0
19,1.0,1.0,1.0,2.0,H,36,1,2,,,,3,13,2021,7.0,2021.0,6,24,62,0.0
19,1.0,1.0,1.0,1.0,H,59,1,22,,,,2,6,2019,4.0,2021.0,6,99,62,0.0
19,1.0,1.0,1.0,2.0,H,30,1,23,,,,6,23,2021,4.0,2021.0,6,02,62,0.0
19,1.0,1.0,1.0,2.0,B,53,1,23,,,,7,2,2021,6.0,2021.0,25,02,5,177.0
19,1.0,1.0,1.0,2.0,B,31,1,23,,,,7,27,2021,3.0,2021.0,2,02,62,0.0
19,1.0,1.0,1.0,2.0,H,41,1,23,,,,9,4,2021,7.0,2021.0,2,16,44,0.0
19,1.0,1.0,1.0,2.0,B,36,1,4,,,,10,17,2021,1.0,2021.0,2,02,62,0.0
19,1.0,1.0,1.0,2.0,B,53,1,23,,,,10,20,2021,4.0,2021.0,2,16,62,150.0
19,1.0,1.0,1.0,2.0,B,30,1,23,,,,11,9,2021,3.0,2021.0,5,16,62,0.0
19,1.0,1.0,1.0,2.0,B,39,1,4,,,,11,10,2021,4.0,2021.0,7,02,62,0.0
26,1.0,1.0,1.0,2.0,W,58,1,23,,,,2,19,2021,6.0,2021.0,1,02,5,177.0
27,1.0,1.0,1.0,2.0,H,57,1,23,,,,2,17,2021,4.0,2021.0,6,02,62,0.0
27,1.0,1.0,1.0,1.0,H,19,1,29,,,,10,5,2021,3.0,2021.0,2,16,3,171.0
30,1.0,1.0,1.0,2.0,W,24,1,23,,,,12,31,2020,5.0,2020.0,6,13,99,0.0
30,1.0,1.0,1.0,2.0,H,50,1,23,,,,6,14,2021,2.0,2021.0,6,01,62,140.0
30,1.0,1.0,1.0,2.0,W,55,1,2,,,,5,1,2021,7.0,2021.0,2,24,26,0.0
30,1.0,1.0,1.0,1.0,H,38,1,1,,,,1,21,2021,5.0,2021.0,6,24,70,0.0
30,1.0,1.0,1.0,1.0,H,51,1,1,,,,7,6,2021,3.0,2021.0,7,24,99,999.0
30,1.0,1.0,1.0,2.0,H,48,1,23,,,,2,26,2021,6.0,2021.0,7,07,62,0.0
30,1.0,1.0,1.0,2.0,A,33,1,2,,,,5,4,2021,3.0,2021.0,6,02,62,0.0
33,1.0,1.0,2.0,2.0,W,17,1,23,21.0,,,2,24,2021,4.0,2021.0,10,02,26,999.0
33,1.0,1.0,2.0,2.0,W,34,1,23,40.0,,,12,18,2019,4.0,2019.0,0,18,99,999.0
33,1.0,1.0,1.0,2.0,B,42,1,23,,,,7,5,2021,2.0,2021.0,2,03,99,999.0
33,1.0,1.0,1.0,2.0,W,68,1,2,,,,1,4,2021,2.0,2021.0,2,24,99,999.0
33,1.0,1.0,1.0,1.0,W,52,1,22,,,,11,30,2020,2.0,2020.0,0,02,62,999.0
33,1.0,1.0,1.0,2.0,H,37,1,2,,,,4,10,2021,7.0,2021.0,2,02,99,999.0
33,1.0,1.0,1.0,1.0,H,25,1,22,,,,6,8,2021,3.0,2021.0,6,06,45,999.0
33,1.0,1.0,1.0,2.0,H,20,1,23,,,,7,22,2021,5.0,2021.0,2,24,45,999.0
33,1.0,1.0,1.0,1.0,H,28,1,22,,,,7,4,2021,1.0,2021.0,6,24,99,999.0
33,1.0,1.0,1.0,2.0,W,48,1,2,,,,5,19,2021,4.0,2021.0,1,02,26,0.0
33,1.0,1.0,1.0,2.0,W,39,1,23,,,,11,7,2021,1.0,2021.0,6,02,99,999.0
33,1.0,1.0,1.0,2.0,H,30,1,23,,,,3,18,2021,5.0,2021.0,6,15,99,999.0
34,1.0,1.0,1.0,1.0,W,59,1,24,,,,1,21,2021,5.0,2021.0,2,24,62,0.0
34,1.0,1.0,1.0,2.0,W,23,1,23,,,,3,22,2021,2.0,2021.0,1,03,62,0.0
34,1.0,1.0,1.0,2.0,B,42,1,23,,,,7,20,2021,3.0,2021.0,2,24,62,0.0
34,1.0,1.0,1.0,2.0,W,43,1,23,,,,1,25,2021,2.0,2021.0,7,01,62,0.0
34,1.0,1.0,1.0,2.0,W,37,1,2,,,,12,28,2021,3.0,2021.0,2,24,62,0.0
34,1.0,1.0,1.0,1.0,W,68,1,22,,,,3,16,2021,3.0,2021.0,6,24,62,0.0
34,1.0,1.0,1.0,2.0,H,56,1,2,,,,7,23,2021,6.0,2021.0,2,03,62,999.0
34,1.0,1.0,1.0,1.0,W,59,1,22,,,,2,4,2021,5.0,2021.0,6,13,62,0.0
34,1.0,1.0,1.0,2.0,W,19,1,23,,,,7,9,2021,6.0,2021.0,6,13,99,0.0
34,1.0,1.0,1.0,1.0,W,31,1,22,,,,9,22,2021,4.0,2021.0,2,13,62,0.0
34,1.0,1.0,1.0,2.0,H,36,1,2,,,,8,15,2021,1.0,2021.0,6,02,62,999.0
36,1.0,1.0,1.0,2.0,W,50,1,23,,,,5,21,2021,6.0,2021.0,6,18,62,0.0
36,1.0,1.0,1.0,2.0,W,61,1,2,,,,12,29,2021,4.0,2021.0,2,24,62,0.0
36,1.0,1.0,1.0,2.0,B,40,1,2,,,,4,5,2021,2.0,2021.0,11,02,62,0.0
36,1.0,1.0,1.0,1.0,H,39,1,22,,,,2,12,2021,6.0,2021.0,6,16,62,0.0
36,1.0,1.0,1.0,2.0,H,26,1,23,,,,10,9,2021,7.0,2021.0,6,02,62,0.0
36,1.0,1.0,1.0,2.0,V,49,1,2,,,,9,18,2021,7.0,2021.0,25,24,62,0.0
36,1.0,1.0,1.0,2.0,B,38,1,23,,,,9,12,2021,1.0,2021.0,8,16,99,999.0
38,1.0,1.0,1.0,2.0,B,40,1,2,,,,12,12,2021,1.0,2021.0,2,02,62,999.0
39,1.0,1.0,1.0,2.0,B,24,1,23,,,,10,4,2021,2.0,2021.0,11,02,62,0.0
41,1.0,1.0,1.0,2.0,H,26,1,2,,,,11,6,2021,7.0,2021.0,2,03,62,999.0
41,1.0,1.0,1.0,2.0,O,43,1,2,,,,5,23,2021,1.0,2021.0,11,24,62,0.0
42,1.0,1.0,1.0,2.0,H,38,1,2,,,,2,28,2021,1.0,2021.0,2,24,45,999.0
43,1.0,1.0,1.0,2.0,H,53,1,2,,,,10,27,2021,4.0,2021.0,15,16,62,140.0
43,1.0,1.0,1.0,1.0,B,24,1,22,,,,4,23,2021,6.0,2021.0,6,01,62,0.0
43,1.0,2.0,1.0,2.0,W,47,1,2,,,,1,20,2021,4.0,2021.0,6,02,26,0.0
44,1.0,1.0,1.0,2.0,W,65,1,2,,,,8,19,2021,5.0,2021.0,11,02,62,0.0
44,1.0,1.0,1.0,2.0,W,34,1,23,,,,7,1,2021,5.0,2021.0,6,02,62,0.0
44,1.0,1.0,1.0,2.0,H,32,1,23,,,,7,13,2021,3.0,2021.0,6,02,62,0.0
44,1.0,1.0,1.0,2.0,H,84,1,2,,,,12,24,2021,6.0,2021.0,6,24,62,0.0
48,1.0,1.0,1.0,1.0,B,26,1,22,,,,6,17,2021,5.0,2021.0,2,03,45,999.0
48,1.0,1.0,1.0,2.0,H,36,1,2,,,,7,8,2021,5.0,2021.0,6,24,62,0.0
50,1.0,1.0,1.0,2.0,H,29,1,2,,,,4,12,2021,2.0,2021.0,1,00,26,172.0
50,1.0,1.0,1.0,2.0,W,31,1,23,,,,11,19,2021,6.0,2021.0,1,24,44,0.0
54,1.0,1.0,1.0,1.0,H,22,1,22,,,,3,14,2021,1.0,2021.0,2,02,62,999.0
54,1.0,1.0,1.0,2.0,A,24,1,23,,,,8,29,2021,1.0,2021.0,1,06,62,0.0
56,1.0,1.0,1.0,2.0,H,27,1,4,,,,5,21,2021,6.0,2021.0,6,02,45,999.0
56,1.0,1.0,1.0,2.0,H,57,1,2,,,,1,11,2021,2.0,2021.0,1,02,62,0.0
56,1.0,1.0,1.0,2.0,H,24,1,23,,,,12,24,2021,6.0,2021.0,7,02,62,999.0
56,1.0,1.0,1.0,2.0,W,91,1,2,,,,11,13,2021,7.0,2021.0,1,02,62,999.0
58,1.0,1.0,1.0,2.0,W,44,1,2,,,,3,10,2021,4.0,2021.0,6,13,62,999.0
10,,,,2.0,L,41,1,4,,,,3,23,2021,,,1,RA,40,999.0
10,,,,2.0,B,21,1,23,,,,4,9,2021,,,2,RA,45,999.0
16,,,,2.0,H,59,1,2,,,,10,24,2021,,,8,RA,62,999.0
19,,,,2.0,W,54,1,2,,,,9,4,2021,,,1,RB,62,999.0
19,,,,2.0,W,89,1,23,,,,12,14,2021,,,8,RA,62,999.0
22,,,,1.0,W,31,1,22,,,,4,22,2021,,,1,01,26,999.0
27,,,,2.0,W,46,1,2,,,,7,5,2021,,,1,RA,62,999.0
27,,,,2.0,W,88,1,2,,,,11,29,2021,,,2,99,99,999.0
33,,,,2.0,W,75,1,2,,,,7,7,2021,,,2,RA,99,999.0
37,,,,1.0,B,32,1,22,,,,6,9,2021,,,8,01,62,999.0
37,,,,1.0,H,47,1,22,,,,6,18,2021,,,8,RA,99,999.0
37,,,,2.0,A,28,1,25,,,,10,21,2021,,,5,RA,40,999.0
39,,,,2.0,H,58,1,2,,,,5,4,2021,,,6,RA,40,999.0
39,,,,1.0,H,27,1,22,,,,7,2,2021,,,2,RA,62,999.0
39,,,,1.0,H,47,1,22,,,,9,24,2021,,,6,RA,62,999.0
39,,,,2.0,H,35,1,23,,,,11,5,2021,,,2,16,62,999.0
39,,,,2.0,H,20,1,23,,,,6,3,2021,,,2,RC,62,999.0
52,,,,2.0,H,29,1,22,,,,4,21,2021,,,6,RA,62,999.0
1,1.0,1.0,1.0,1.0,H,27,1,22,,,,7,4,2022,2.0,2022.0,2,03,62,999.0
1,1.0,1.0,1.0,2.0,H,22,1,23,,,,9,7,2022,4.0,2022.0,2,16,62,999.0
10,1.0,1.0,1.0,2.0,W,77,1,2,,,,5,28,2022,7.0,2022.0,2,15,99,999.0
10,1.0,1.0,1.0,2.0,H,21,1,23,,,,10,2,2022,1.0,2022.0,2,02,99,999.0
14,1.0,1.0,1.0,2.0,W,69,1,2,,,,8,1,2022,2.0,2022.0,3,02,99,999.0
15,1.0,1.0,1.0,2.0,H,21,1,23,,,,5,20,2022,6.0,2022.0,6,02,26,999.0
15,1.0,1.0,1.0,1.0,B,30,1,22,,,,6,3,2022,6.0,2022.0,2,02,62,999.0
15,1.0,1.0,1.0,2.0,H,27,1,2,,,,9,9,2022,6.0,2022.0,2,02,62,999.0
15,1.0,1.0,1.0,1.0,H,37,1,22,,,,11,10,2022,5.0,2022.0,2,16,99,999.0
15,1.0,1.0,1.0,2.0,H,37,1,23,,,,8,12,2022,6.0,2022.0,1,16,26,0.0
19,1.0,1.0,1.0,2.0,H,59,1,23,,,,3,30,2022,4.0,2022.0,6,01,99,999.0
19,1.0,1.0,1.0,2.0,B,40,1,23,,,,4,16,2022,7.0,2022.0,2,02,70,0.0
19,1.0,1.0,1.0,2.0,H,45,1,23,,,,9,30,2022,6.0,2022.0,6,02,70,999.0
19,1.0,1.0,1.0,1.0,H,25,1,22,,,,10,23,2022,1.0,2022.0,6,24,99,999.0
19,1.0,1.0,1.0,2.0,B,25,1,23,,,,3,27,2022,1.0,2022.0,2,13,62,999.0
19,1.0,1.0,1.0,2.0,H,37,1,23,,,,5,24,2022,3.0,2022.0,2,02,70,999.0
19,1.0,1.0,1.0,2.0,B,60,1,23,,,,7,12,2022,3.0,2022.0,1,02,62,999.0
19,1.0,1.0,1.0,2.0,B,49,1,2,,,,8,11,2022,5.0,2022.0,6,02,62,140.0
19,1.0,1.0,1.0,2.0,H,27,1,23,,,,1,1,2022,7.0,2022.0,2,24,70,0.0
19,1.0,1.0,1.0,2.0,W,49,1,2,,,,5,29,2022,1.0,2022.0,2,24,62,0.0
19,1.0,1.0,1.0,2.0,B,29,1,23,,,,7,8,2022,6.0,2022.0,2,24,62,0.0
19,1.0,1.0,1.0,2.0,H,40,1,23,,,,8,7,2022,1.0,2022.0,6,06,62,0.0
19,1.0,1.0,1.0,2.0,H,49,1,2,,,,11,17,2022,5.0,2022.0,6,02,62,0.0
19,1.0,1.0,1.0,1.0,B,22,1,22,,,,2,1,2022,3.0,2022.0,7,16,62,0.0
19,1.0,1.0,1.0,1.0,W,36,1,22,,,,2,21,2022,2.0,2022.0,1,24,62,0.0
19,1.0,1.0,1.0,2.0,H,32,1,2,,,,2,27,2022,1.0,2022.0,6,24,62,0.0
19,1.0,1.0,1.0,2.0,H,39,1,2,,,,4,27,2022,4.0,2022.0,2,02,62,0.0
19,1.0,1.0,1.0,1.0,W,52,1,22,,,,6,1,2022,4.0,2022.0,7,13,62,0.0
19,1.0,1.0,1.0,1.0,B,33,1,22,,,,6,5,2022,1.0,2022.0,2,02,62,0.0
19,1.0,1.0,1.0,2.0,H,28,1,23,,,,6,8,2022,4.0,2022.0,2,02,62,0.0
19,1.0,1.0,1.0,2.0,B,34,1,23,,,,6,16,2022,5.0,2022.0,2,16,62,0.0
19,1.0,1.0,1.0,2.0,B,50,1,23,,,,6,28,2022,3.0,2022.0,2,02,62,0.0
19,1.0,1.0,1.0,1.0,B,38,1,22,,,,8,15,2022,2.0,2022.0,2,13,45,0.0
19,1.0,1.0,1.0,1.0,H,37,1,22,,,,8,20,2022,7.0,2022.0,6,02,62,0.0
19,1.0,1.0,1.0,1.0,O,70,1,22,,,,10,8,2022,7.0,2022.0,7,16,45,0.0
19,1.0,1.0,1.0,2.0,B,46,1,23,,,,11,14,2022,2.0,2022.0,2,13,62,0.0
19,1.0,1.0,1.0,1.0,H,31,1,22,,,,12,17,2022,7.0,2022.0,17,13,45,10.0
30,1.0,1.0,1.0,2.0,W,80,1,2,,,,9,25,2022,1.0,2022.0,9,02,26,190.0
31,1.0,1.0,1.0,1.0,W,60,1,22,,,,12,18,2022,1.0,2022.0,2,02,99,999.0
33,1.0,1.0,1.0,2.0,W,84,1,2,,,,7,14,2022,5.0,2022.0,2,15,99,999.0
33,1.0,1.0,1.0,1.0,H,31,1,1,,,,8,7,2022,1.0,2022.0,2,02,99,999.0
33,1.0,1.0,1.0,2.0,H,48,1,2,,,,3,1,2022,3.0,2022.0,6,02,45,999.0
33,1.0,1.0,1.0,1.0,B,34,1,1,,,,12,23,2022,6.0,2022.0,2,02,99,999.0
33,1.0,1.0,1.0,2.0,A,18,1,23,,,,3,16,2022,4.0,2022.0,11,02,26,999.0
33,1.0,1.0,1.0,2.0,H,25,1,23,,,,7,5,2022,3.0,2022.0,2,02,62,999.0
33,1.0,1.0,1.0,2.0,Z,57,1,23,,,,11,1,2022,3.0,2022.0,4,02,99,999.0
33,1.0,2.0,1.0,2.0,A,32,1,2,,,,7,15,2022,6.0,2022.0,6,06,40,999.0
33,1.0,1.0,1.0,2.0,W,74,1,2,,,,8,19,2022,6.0,2022.0,2,02,62,999.0
34,1.0,1.0,1.0,2.0,H,38,1,23,,,,1,14,2022,6.0,2022.0,2,24,62,0.0
34,1.0,1.0,1.0,1.0,B,55,1,22,,,,12,18,2022,1.0,2022.0,13,24,45,0.0
34,1.0,1.0,1.0,2.0,H,40,1,2,,,,1,5,2022,4.0,2022.0,2,06,62,0.0
34,1.0,1.0,1.0,2.0,W,62,1,2,,,,3,7,2022,2.0,2022.0,2,13,62,0.0
34,1.0,1.0,1.0,2.0,W,17,1,23,,,,4,25,2022,2.0,2022.0,8,13,26,0.0
34,1.0,1.0,1.0,2.0,B,22,1,23,,,,8,3,2022,4.0,2022.0,2,04,62,0.0
36,1.0,1.0,1.0,1.0,W,56,1,22,,,,8,7,2022,1.0,2022.0,1,24,62,0.0
36,1.0,1.0,1.0,2.0,H,31,1,2,,,,11,25,2022,6.0,2022.0,7,19,62,0.0
36,1.0,1.0,1.0,2.0,A,40,1,2,,,,9,28,2022,4.0,2022.0,25,24,62,0.0
36,1.0,1.0,1.0,2.0,H,28,1,23,,,,1,22,2022,7.0,2022.0,2,24,62,0.0
36,1.0,1.0,1.0,2.0,H,30,1,23,,,,3,30,2022,4.0,2022.0,2,02,62,0.0
36,1.0,1.0,1.0,1.0,B,26,1,22,,,,5,6,2022,6.0,2022.0,6,24,62,0.0
36,1.0,1.0,1.0,2.0,B,34,1,23,,,,5,20,2022,6.0,2022.0,2,24,62,0.0
36,1.0,1.0,1.0,2.0,B,23,1,23,,,,3,26,2022,7.0,2022.0,2,16,45,0.0
36,1.0,1.0,1.0,2.0,H,45,1,2,,,,8,12,2022,6.0,2022.0,2,24,62,0.0
36,1.0,1.0,1.0,1.0,O,42,1,22,,,,8,23,2022,3.0,2022.0,7,24,62,0.0
36,1.0,1.0,1.0,1.0,W,64,1,1,,,,12,23,2022,6.0,2022.0,2,24,62,0.0
36,1.0,1.0,1.0,2.0,B,25,1,23,,,,12,8,2022,5.0,2022.0,1,15,62,0.0
36,1.0,1.0,1.0,2.0,W,75,1,2,,,,6,18,2022,7.0,2022.0,2,24,62,0.0
36,1.0,1.0,1.0,2.0,W,37,1,23,,,,7,20,2022,4.0,2022.0,1,24,62,0.0
36,1.0,1.0,1.0,2.0,H,21,1,23,,,,5,26,2022,5.0,2022.0,1,16,62,0.0
38,1.0,1.0,1.0,1.0,B,41,1,22,,,,11,25,2022,6.0,2022.0,6,02,62,0.0
39,1.0,1.0,1.0,2.0,W,57,1,2,,,,3,20,2022,1.0,2022.0,2,02,62,0.0
39,1.0,1.0,1.0,2.0,H,47,1,2,,,,6,4,2022,7.0,2022.0,2,99,62,0.0
40,1.0,1.0,1.0,1.0,W,74,1,1,,,,10,7,2022,6.0,2022.0,6,02,99,999.0
42,1.0,1.0,1.0,2.0,H,32,1,2,,,,9,29,2022,5.0,2022.0,15,16,62,0.0
43,1.0,1.0,1.0,2.0,F,35,1,23,,,,1,2,2022,1.0,2022.0,6,06,62,0.0
43,1.0,1.0,1.0,1.0,H,36,1,22,,,,5,16,2022,2.0,2022.0,2,03,62,0.0
43,1.0,2.0,1.0,2.0,H,29,1,2,,,,6,12,2022,1.0,2022.0,2,06,62,0.0
43,1.0,1.0,1.0,1.0,J,73,1,1,,,,6,25,2022,7.0,2022.0,13,02,9,178.0
48,1.0,1.0,1.0,2.0,O,54,1,2,,,,1,29,2022,7.0,2022.0,2,24,62,0.0
48,1.0,1.0,1.0,2.0,B,57,1,23,,,,6,10,2022,6.0,2022.0,6,03,5,177.0
49,1.0,1.0,1.0,2.0,W,69,1,25,,,,1,13,2022,5.0,2022.0,1,13,62,0.0
54,1.0,1.0,1.0,1.0,W,65,1,1,,,,3,6,2022,1.0,2022.0,4,02,99,999.0
54,1.0,1.0,1.0,2.0,W,75,1,2,,,,3,17,2022,5.0,2022.0,1,02,99,999.0
56,1.0,1.0,1.0,2.0,W,58,1,2,,,,11,29,2022,3.0,2022.0,1,02,62,999.0
56,1.0,1.0,1.0,2.0,O,63,1,4,,,,1,25,2022,3.0,2022.0,1,13,45,140.0
56,1.0,1.0,1.0,2.0,H,25,1,2,,,,11,10,2022,5.0,2022.0,6,13,62,140.0
57,1.0,1.0,1.0,2.0,H,51,1,2,,,,11,13,2022,1.0,2022.0,1,02,62,999.0
7,,,,2.0,B,30,1,23,,,,1,29,2022,,,15,RA,99,999.0
7,,,,2.0,F,23,1,23,,,,1,26,2022,,,0,RA,62,999.0
9,,,,2.0,X,56,1,23,,,,9,10,2022,,,2,RA,99,999.0
9,,,,2.0,W,35,1,23,,,,10,3,2022,,,2,RA,62,999.0
9,,,,2.0,W,53,1,2,,,,10,19,2022,,,0,RB,99,999.0
10,,,,2.0,Z,36,1,23,,,,1,11,2022,,,2,99,62,999.0
10,,,,1.0,H,47,1,24,,,,1,8,2022,,,1,RA,70,999.0
10,,,,1.0,H,28,1,22,,,,7,21,2022,,,0,RA,99,999.0
10,,,,2.0,H,20,1,23,,,,8,21,2022,,,1,01,26,999.0
10,,,,1.0,B,20,1,23,,,,8,27,2022,,,1,RB,45,999.0
12,,,,2.0,W,28,1,23,,,,4,3,2022,,,11,RB,62,999.0
15,,,,1.0,W,24,1,22,,,,12,4,2022,,,2,RA,45,999.0
15,,,,2.0,H,23,1,23,,,,3,22,2022,,,15,17,26,999.0
16,,,,2.0,H,32,1,23,,,,3,6,2022,,,2,RA,62,999.0
19,,,,2.0,H,23,1,23,,,,6,5,2022,,,2,RA,62,999.0
19,,,,2.0,H,20,1,23,,,,8,12,2022,,,6,16,99,999.0
19,,,,1.0,H,25,1,22,,,,4,11,2022,,,7,16,26,999.0
19,,,,1.0,H,28,1,22,,,,2,9,2022,,,2,16,99,999.0
19,,,,2.0,H,22,1,23,,,,12,27,2022,,,0,01,99,999.0
19,,,,2.0,B,37,1,23,,,,5,8,2022,,,2,01,99,999.0
19,,,,2.0,H,36,1,23,,,,10,31,2022,,,1,07,99,999.0
19,,,,2.0,H,29,1,2,,,,8,27,2022,,,1,RC,99,999.0
20,,,,2.0,O,50,1,2,,,,8,23,2022,,,0,RC,99,999.0
20,,,,2.0,W,58,1,2,,,,12,6,2022,,,5,RC,62,999.0
24,,,,2.0,H,38,1,23,,,,2,1,2022,,,2,16,45,999.0
24,,,,2.0,I,30,1,2,,,,4,9,2022,,,7,RA,62,999.0
27,,,,1.0,A,52,1,22,,,,10,18,2022,,,0,19,99,999.0
30,,,,1.0,W,57,1,22,,,,5,7,2022,,,2,RA,26,999.0
30,,,,2.0,W,54,1,2,,,,4,6,2022,,,2,RA,99,999.0
30,,,,2.0,C,65,1,2,,,,11,9,2022,,,2,RA,60,999.0
30,,,,2.0,W,83,1,2,,,,3,15,2022,,,6,RA,62,999.0
30,,,,2.0,H,36,1,23,,,,10,15,2022,,,11,01,99,999.0
31,,,,1.0,W,43,1,22,,,,2,5,2022,,,8,25,26,999.0
33,,,,2.0,A,56,1,23,,,,12,23,2022,,,2,06,62,999.0
34,,,,1.0,H,49,1,1,,,,12,20,2022,,,2,RC,99,999.0
36,,,,1.0,B,40,1,22,,,,6,6,2022,,,6,RB,26,999.0
36,,,,2.0,H,47,1,2,,,,9,26,2022,,,2,16,45,999.0
36,,,,1.0,W,73,1,1,,,,10,7,2022,,,6,RC,45,999.0
37,,,,2.0,W,60,1,23,,,,12,30,2022,,,5,99,99,999.0
37,,,,1.0,H,26,1,22,,,,3,20,2022,,,6,RB,26,999.0
37,,,,2.0,W,83,1,4,,,,5,16,2022,,,2,RA,99,999.0
37,,,,2.0,O,45,1,23,,,,6,15,2022,,,0,RB,62,999.0
39,,,,1.0,H,36,1,22,,,,7,7,2022,,,15,99,40,999.0
39,,,,1.0,B,36,1,22,,,,12,16,2022,,,7,06,99,999.0
41,,,,2.0,W,27,1,23,,,,9,8,2022,,,6,16,62,999.0
41,,,,2.0,F,41,1,25,,,,7,7,2022,,,2,RA,62,999.0
41,,,,2.0,B,32,1,23,,,,12,2,2022,,,1,RA,99,999.0
47,,,,2.0,X,28,1,2,,,,2,19,2022,,,15,17,62,999.0
49,,,,2.0,H,17,1,23,,,,5,5,2022,,,2,RA,62,999.0
49,,,,2.0,W,79,1,2,,,,10,12,2022,,,2,RA,99,999.0
49,,,,2.0,A,44,1,23,,,,12,21,2022,,,2,RB,99,999.0
50,,,,2.0,H,29,1,23,,,,6,21,2022,,,1,16,62,999.0
54,,,,2.0,W,33,1,2,,,,7,24,2022,,,2,RA,45,999.0
54,,,,2.0,W,37,1,2,,,,6,9,2022,,,0,19,99,999.0
57,,,,2.0,W,81,1,2,,,,8,9,2022,,,15,RA,62,999.0
1,,,,1.0,H,23,1,22,,,,5,5,2023,,,6,RA,62,
1,,,,2.0,B,24,1,23,,,,9,21,2023,,,2,07,62,
1,,,,2.0,B,41,1,23,,,,9,27,2023,,,13,16,99,
1,,,,2.0,B,29,1,23,,,,5,11,2023,,,0,99,99,
1,,,,2.0,H,26,1,23,,,,3,18,2023,,,2,16,62,
1,,,,2.0,W,44,1,23,,,,4,22,2023,,,2,RB,62,
1,,,,1.0,H,49,1,22,,,,5,30,2023,,,2,16,99,
1,,,,1.0,W,60,1,1,,,,6,19,2023,,,2,16,99,
1,,,,2.0,B,38,1,23,,,,7,19,2023,,,3,RA,62,
1,,,,1.0,B,42,1,22,,,,7,19,2023,,,3,RA,62,
1,,,,2.0,H,27,1,23,,,,8,1,2023,,,2,01,62,
1,,,,2.0,H,30,1,23,,,,8,11,2023,,,2,16,62,
1,,,,1.0,H,25,1,22,,,,9,27,2023,,,2,16,62,
1,,,,2.0,B,24,1,23,,,,1,1,2023,,,6,RB,99,
4,,,,2.0,A,50,1,2,,,,9,27,2023,,,2,RA,62,
6,,,,2.0,H,34,1,2,,,,6,7,2023,,,6,RA,26,
7,,,,2.0,W,39,1,23,,,,5,25,2023,,,2,RA,62,
7,,,,2.0,B,30,1,2,,,,6,15,2023,,,6,RB,62,
7,,,,1.0,F,65,1,24,,,,7,25,2023,,,6,RA,62,
7,,,,1.0,B,37,1,22,,,,5,11,2023,,,6,RB,62,
8,,,,2.0,W,67,1,23,,,,10,12,2023,,,8,RA,62,
9,,,,2.0,W,36,1,23,,,,10,5,2023,,,6,RA,99,
10,,,,2.0,W,24,1,23,,,,1,10,2023,,,8,19,99,
10,,,,2.0,H,18,1,23,,,,5,30,2023,,,2,RA,45,
10,,,,2.0,H,27,1,4,,,,7,1,2023,,,1,RB,99,
12,,,,2.0,B,30,1,23,,,,4,8,2023,,,2,RA,26,
12,,,,1.0,W,69,1,22,,,,1,27,2023,,,15,19,26,
13,,,,2.0,H,18,1,23,,,,6,26,2023,,,3,RB,26,
14,,,,2.0,W,72,1,2,,,,1,13,2023,,,2,19,60,
15,,,,2.0,H,21,1,23,,,,4,17,2023,,,2,RA,62,
15,,,,2.0,H,49,1,2,,,,8,26,2023,,,0,RA,99,
15,,,,2.0,H,39,1,23,,,,10,16,2023,,,3,RA,45,
15,,,,1.0,B,26,1,22,,,,2,13,2023,,,6,RA,62,
15,,,,2.0,B,31,1,23,,,,12,15,2023,,,2,RA,26,
15,,,,1.0,H,42,1,22,,,,3,17,2023,,,2,RC,62,
17,,,,1.0,I,36,1,22,,,,5,16,2023,,,6,16,99,
18,,,,1.0,W,25,1,22,,,,6,3,2023,,,2,RA,62,
19,,,,1.0,H,27,1,22,,,,1,15,2023,,,6,RA,62,
19,,,,2.0,H,38,1,23,,,,7,1,2023,,,2,RA,62,
19,,,,2.0,H,41,1,23,,,,9,11,2023,,,2,16,62,
19,,,,1.0,H,25,1,22,,,,10,18,2023,,,2,99,62,
19,,,,2.0,A,56,1,2,,,,4,20,2023,,,7,RA,99,
19,,,,2.0,A,24,1,2,,,,12,12,2023,,,8,RA,62,
19,,,,2.0,K,49,1,2,,,,2,28,2023,,,6,RC,99,
19,,,,1.0,W,24,1,22,,,,11,13,2023,,,2,RC,18,
19,,,,2.0,H,41,1,23,,,,3,23,2023,,,2,RC,99,
19,,,,1.0,H,21,1,1,,,,8,22,2023,,,6,18,62,
19,,,,2.0,W,84,1,2,,,,9,30,2023,,,2,RA,62,
19,,,,2.0,A,37,1,2,,,,11,7,2023,,,0,RA,62,
19,,,,2.0,H,48,1,2,,,,10,20,2023,,,2,16,62,
19,,,,2.0,H,68,1,23,,,,11,16,2023,,,4,RA,62,
19,,,,1.0,B,45,1,22,,,,8,5,2023,,,6,RA,62,
19,,,,2.0,H,57,1,23,,,,9,9,2023,,,1,RB,62,
19,,,,2.0,B,26,1,23,,,,6,17,2023,,,6,RB,62,
19,,,,2.0,B,43,1,23,,,,6,10,2023,,,2,16,62,
19,,,,2.0,B,33,1,23,,,,3,12,2023,,,6,16,62,
19,,,,1.0,B,40,1,22,,,,4,10,2023,,,6,16,62,
19,,,,2.0,B,19,1,23,,,,8,11,2023,,,2,RA,62,
19,,,,2.0,H,26,1,23,,,,5,13,2023,,,8,16,45,
19,,,,2.0,B,29,1,23,,,,1,6,2023,,,2,01,62,
19,,,,2.0,W,27,1,23,,,,1,20,2023,,,2,16,62,
19,,,,2.0,H,38,1,23,,,,2,4,2023,,,6,RB,62,
19,,,,2.0,W,75,1,2,,,,10,4,2023,,,2,RB,62,
19,,,,2.0,H,42,1,2,,,,6,7,2023,,,8,16,45,
19,,,,2.0,H,57,1,23,,,,5,11,2023,,,2,RA,62,
19,,,,2.0,W,62,1,23,,,,10,26,2023,,,8,RA,62,
19,,,,2.0,B,34,1,23,,,,8,21,2023,,,5,RA,99,
19,,,,2.0,H,30,1,23,,,,9,9,2023,,,2,RA,62,
19,,,,2.0,H,18,1,23,,,,9,17,2023,,,6,19,99,
19,,,,2.0,H,29,1,23,,,,5,30,2023,,,6,RA,26,
19,,,,2.0,F,38,1,2,,,,8,1,2023,,,6,RA,62,
20,,,,2.0,H,19,1,23,,,,11,25,2023,,,2,16,45,
24,,,,2.0,H,37,1,23,,,,2,24,2023,,,15,18,62,
24,,,,2.0,H,19,1,23,,,,9,3,2023,,,1,RA,26,
24,,,,2.0,H,42,1,25,,,,10,2,2023,,,1,06,62,
24,,,,2.0,W,51,1,2,,,,2,16,2023,,,6,RA,99,
24,,,,2.0,H,33,1,2,,,,10,8,2023,,,6,RA,62,
27,,,,2.0,P,30,1,2,,,,6,25,2023,,,6,25,62,
27,,,,2.0,X,28,1,23,,,,8,29,2023,,,6,25,62,
30,,,,2.0,W,65,1,2,,,,8,3,2023,,,2,RA,45,
30,,,,2.0,H,24,1,23,,,,3,17,2023,,,8,RA,62,
30,,,,2.0,V,34,1,23,,,,4,23,2023,,,1,RA,62,
30,,,,2.0,B,63,1,2,,,,6,27,2023,,,2,RA,99,
30,,,,2.0,H,22,1,23,,,,1,15,2023,,,6,RB,62,
30,,,,1.0,W,26,1,22,,,,9,27,2023,,,6,01,99,
30,,,,2.0,W,89,1,2,,,,2,7,2023,,,7,RA,99,
30,,,,2.0,O,93,1,2,,,,12,7,2023,,,2,RA,60,
31,,,,2.0,J,90,1,2,,,,7,23,2023,,,2,RA,99,
31,,,,2.0,Z,29,1,23,,,,8,19,2023,,,2,06,62,
33,,,,2.0,W,41,1,2,,,,4,7,2023,,,6,RA,99,
33,,,,1.0,W,65,1,1,,,,9,29,2023,,,2,RA,99,
33,,,,2.0,W,46,1,2,,,,12,20,2023,,,1,RA,62,
33,,,,2.0,H,71,1,2,,,,4,20,2023,,,6,RB,62,
33,,,,2.0,W,56,1,2,,,,11,12,2023,,,2,RF,26,
33,,,,2.0,W,57,1,2,,,,4,5,2023,,,2,RA,99,
33,,,,2.0,W,43,1,23,,,,6,22,2023,,,8,RA,62,
34,,,,2.0,B,51,1,2,,,,9,15,2023,,,2,RB,45,
34,,,,2.0,H,36,1,25,,,,5,7,2023,,,1,RA,62,
34,,,,2.0,B,41,1,2,,,,8,14,2023,,,1,RA,99,
34,,,,2.0,W,55,1,2,,,,11,7,2023,,,2,RA,62,
34,,,,1.0,B,33,1,22,,,,2,5,2023,,,6,RC,26,
34,,,,2.0,H,37,1,2,,,,12,21,2023,,,6,RA,99,
34,,,,2.0,W,49,1,2,,,,1,12,2023,,,9,RA,26,
34,,,,2.0,H,18,1,23,,,,2,1,2023,,,6,16,62,
34,,,,2.0,H,30,1,23,,,,8,26,2023,,,2,RB,62,
36,,,,2.0,H,69,1,2,,,,8,1,2023,,,6,RA,62,
36,,,,1.0,W,61,1,1,,,,9,19,2023,,,1,RA,62,
36,,,,2.0,O,24,1,23,,,,4,30,2023,,,6,RA,99,
36,,,,2.0,W,38,1,2,,,,4,23,2023,,,6,RB,26,
36,,,,1.0,H,29,1,1,,,,8,15,2023,,,15,RG,62,
36,,,,2.0,H,31,1,25,,,,6,27,2023,,,6,RB,99,
36,,,,2.0,H,61,1,2,,,,8,10,2023,,,2,RA,99,
36,,,,2.0,H,30,1,23,,,,11,21,2023,,,1,99,62,
37,,,,2.0,B,34,1,23,,,,6,22,2023,,,5,RB,26,
37,,,,2.0,A,45,1,25,,,,12,10,2023,,,15,RA,26,
37,,,,2.0,W,42,1,23,,,,12,26,2023,,,6,07,26,
38,,,,2.0,A,76,1,2,,,,3,12,2023,,,7,RB,62,
38,,,,2.0,A,27,1,23,,,,11,30,2023,,,6,RB,62,
38,,,,1.0,B,36,1,22,,,,2,15,2023,,,2,RB,62,
39,,,,2.0,W,67,1,2,,,,9,20,2023,,,1,RA,62,
39,,,,1.0,F,22,1,22,,,,1,21,2023,,,2,99,62,
39,,,,2.0,Z,35,1,2,,,,4,10,2023,,,11,RA,99,
39,,,,2.0,Z,38,1,2,,,,12,31,2023,,,6,99,45,
39,,,,2.0,H,32,1,23,,,,12,17,2023,,,1,16,62,
39,,,,2.0,Z,39,1,2,,,,5,8,2023,,,2,RC,99,
41,,,,2.0,H,40,1,25,,,,7,30,2023,,,6,RA,45,
41,,,,2.0,F,27,1,23,,,,3,6,2023,,,1,RA,99,
41,,,,2.0,H,49,1,2,,,,9,2,2023,,,2,RA,62,
41,,,,2.0,H,28,1,23,,,,5,15,2023,,,8,RA,62,
42,,,,2.0,B,59,1,2,,,,4,30,2023,,,1,RC,62,
42,,,,2.0,B,43,1,2,,,,12,22,2023,,,2,RA,62,
43,,,,2.0,H,33,1,23,,,,7,10,2023,,,5,00,62,
43,,,,2.0,W,46,1,2,,,,2,11,2023,,,6,RA,62,
43,,,,2.0,A,40,1,2,,,,12,31,2023,,,11,RA,62,
43,,,,2.0,H,44,1,2,,,,3,14,2023,,,8,RB,45,
43,,,,1.0,B,59,1,22,,,,6,18,2023,,,6,RB,62,
48,,,,2.0,Z,53,1,2,,,,2,15,2023,,,0,RA,99,
48,,,,2.0,B,36,1,23,,,,8,24,2023,,,8,RA,62,
48,,,,1.0,B,22,1,22,,,,6,3,2023,,,15,99,45,
49,,,,2.0,H,49,1,2,,,,7,4,2023,,,6,RA,62,
50,,,,2.0,O,61,1,4,,,,10,16,2023,,,6,RA,45,
54,,,,1.0,H,27,1,22,,,,4,30,2023,,,6,RA,62,
56,,,,2.0,W,79,1,23,,,,2,6,2023,,,8,99,62,
1,,,,2.0,A,32,1,23,,,,4,30,2024,,,0,RA,99,
1,,,,1.0,H,43,1,24,,,,8,20,2024,,,2,RC,62,
1,,,,2.0,H,36,1,2,,,,7,10,2024,,,2,RA,62,
1,,,,1.0,W,72,1,22,,,,7,26,2024,,,1,RA,99,
1,,,,2.0,H,25,1,4,,,,6,27,2024,,,8,RB,62,
1,,,,2.0,W,0,1,23,,,,4,20,2024,,,2,99,62,
1,,,,2.0,H,48,1,2,,,,9,23,2024,,,6,99,62,
1,,,,2.0,F,56,1,2,,,,3,21,2024,,,6,RB,62,
1,,,,2.0,H,26,1,2,,,,4,27,2024,,,2,01,40,
1,,,,2.0,W,25,1,23,,,,3,1,2024,,,8,RB,62,
1,,,,2.0,A,43,1,23,,,,3,7,2024,,,3,RA,62,
1,,,,2.0,A,54,1,23,,,,1,24,2024,,,2,07,26,
6,,,,2.0,H,49,1,2,,,,1,31,2024,,,1,RA,45,
7,,,,2.0,B,20,1,23,,,,2,20,2024,,,1,RA,99,
7,,,,2.0,W,40,1,23,,,,1,22,2024,,,1,RC,62,
7,,,,1.0,W,52,1,22,,,,8,2,2024,,,0,16,99,
7,,,,2.0,W,30,1,23,,,,2,16,2024,,,1,RB,62,
7,,,,1.0,H,36,1,22,,,,2,10,2024,,,6,06,99,
7,,,,2.0,W,59,1,2,,,,1,2,2024,,,2,RA,62,
10,,,,2.0,B,21,1,23,,,,10,19,2024,,,2,RA,62,
15,,,,2.0,H,42,1,2,,,,6,18,2024,,,7,RA,62,
15,,,,1.0,W,64,1,22,,,,11,27,2024,,,1,RG,45,
15,,,,2.0,W,56,1,23,,,,11,27,2024,,,1,RG,45,
15,,,,2.0,H,43,1,2,,,,10,27,2024,,,1,RA,62,
15,,,,2.0,W,51,1,2,,,,7,11,2024,,,1,RA,26,
15,,,,2.0,H,62,1,23,,,,12,28,2024,,,1,RA,99,
15,,,,2.0,W,36,1,23,,,,8,3,2024,,,8,RA,62,
16,,,,2.0,O,62,1,2,,,,7,28,2024,,,1,RA,45,
17,,,,1.0,B,38,1,22,,,,7,10,2024,,,1,RA,45,
18,,,,2.0,W,34,1,2,,,,11,9,2024,,,2,16,62,
19,,,,2.0,B,54,1,23,,,,10,15,2024,,,2,RA,62,
19,,,,2.0,H,31,1,2,,,,10,30,2024,,,6,RA,62,
19,,,,2.0,H,45,1,2,,,,12,2,2024,,,2,04,62,
19,,,,1.0,W,74,1,1,,,,12,28,2024,,,2,RA,62,
19,,,,2.0,B,54,1,23,,,,11,10,2024,,,2,16,62,
19,,,,2.0,B,20,1,23,,,,6,25,2024,,,2,RB,99,
19,,,,1.0,H,33,1,22,,,,12,25,2024,,,1,16,45,
19,,,,2.0,H,27,1,23,,,,12,28,2024,,,15,16,45,
19,,,,2.0,F,80,1,2,,,,1,29,2024,,,2,RA,62,
19,,,,2.0,H,44,1,23,,,,6,18,2024,,,6,RA,99,
19,,,,2.0,F,76,1,4,,,,9,5,2024,,,7,RA,45,
19,,,,1.0,B,29,1,22,,,,4,8,2024,,,6,RB,62,
19,,,,2.0,W,59,1,23,,,,11,29,2024,,,5,16,62,
19,,,,1.0,H,27,1,22,,,,7,3,2024,,,2,16,99,
19,,,,1.0,B,62,1,22,,,,11,1,2024,,,2,16,45,
19,,,,2.0,H,29,1,23,,,,11,21,2024,,,13,16,45,
19,,,,2.0,B,60,1,23,,,,1,13,2024,,,6,18,62,
19,,,,2.0,H,38,1,2,,,,10,29,2024,,,5,99,45,
19,,,,2.0,B,64,1,23,,,,9,19,2024,,,0,99,99,
19,,,,2.0,H,44,1,2,,,,1,28,2024,,,2,RA,62,
19,,,,2.0,W,35,1,2,,,,2,3,2024,,,2,RA,62,
19,,,,2.0,H,48,1,23,,,,8,17,2024,,,2,RA,62,
19,,,,2.0,B,22,1,23,,,,6,11,2024,,,2,RA,99,
19,,,,1.0,B,40,1,1,,,,1,18,2024,,,6,RA,47,
19,,,,2.0,W,52,1,23,,,,2,9,2024,,,6,RA,62,
19,,,,2.0,H,20,1,23,,,,3,12,2024,,,6,RA,62,
19,,,,2.0,B,57,1,23,,,,2,21,2024,,,2,RB,62,
19,,,,2.0,B,51,1,4,,,,9,16,2024,,,2,16,62,
19,,,,2.0,H,30,1,23,,,,9,15,2024,,,6,RA,62,
19,,,,2.0,H,43,1,23,,,,6,18,2024,,,1,RB,62,
19,,,,2.0,B,21,1,23,,,,11,22,2024,,,1,RB,45,
19,,,,2.0,C,82,1,2,,,,10,30,2024,,,2,RA,99,
19,,,,2.0,B,27,1,23,,,,4,30,2024,,,6,RB,62,
19,,,,1.0,B,35,1,22,,,,3,8,2024,,,0,RA,99,
19,,,,2.0,B,39,1,23,,,,8,15,2024,,,6,RA,62,
19,,,,2.0,H,47,1,23,,,,7,2,2024,,,2,RA,62,
19,,,,2.0,C,47,1,2,,,,7,18,2024,,,6,RA,62,
19,,,,2.0,H,27,1,23,,,,7,5,2024,,,6,00,62,
19,,,,2.0,B,32,1,23,,,,6,24,2024,,,2,16,47,
19,,,,2.0,H,30,1,23,,,,8,4,2024,,,2,16,62,
19,,,,1.0,H,46,1,22,,,,4,11,2024,,,15,16,62,
20,,,,1.0,H,35,1,22,,,,12,27,2024,,,6,99,62,
23,,,,2.0,W,35,1,23,,,,3,20,2024,,,1,RA,62,
25,,,,2.0,W,32,1,23,,,,1,21,2024,,,0,RA,99,
28,,,,2.0,H,38,1,2,,,,9,26,2024,,,1,RB,62,
29,,,,2.0,W,58,1,23,,,,4,13,2024,,,2,RA,45,
30,,,,2.0,W,72,1,23,,,,2,26,2024,,,0,RA,62,
30,,,,2.0,H,29,1,2,,,,9,8,2024,,,6,RA,62,
30,,,,2.0,W,38,1,23,,,,10,21,2024,,,11,RA,62,
30,,,,2.0,O,35,1,23,,,,5,31,2024,,,8,RA,62,
30,,,,2.0,W,25,1,23,,,,5,2,2024,,,2,07,99,
30,,,,2.0,O,70,1,2,,,,6,23,2024,,,5,RA,62,
30,,,,2.0,W,29,1,23,,,,10,16,2024,,,8,RB,99,
30,,,,1.0,K,85,1,1,,,,8,15,2024,,,25,01,62,
31,,,,2.0,W,48,1,23,,,,8,4,2024,,,6,RB,62,
33,,,,2.0,O,53,1,2,,,,4,29,2024,,,2,16,26,
33,,,,2.0,W,56,1,2,,,,6,8,2024,,,2,RA,62,
33,,,,2.0,B,45,1,2,,,,3,29,2024,,,7,RA,62,
33,,,,2.0,W,86,1,2,,,,5,23,2024,,,1,RA,62,
33,,,,1.0,H,33,1,22,,,,8,18,2024,,,2,RG,45,
33,,,,1.0,W,68,1,22,,,,3,24,2024,,,6,RA,62,
34,,,,2.0,W,29,1,23,,,,11,17,2024,,,0,RA,99,
34,,,,2.0,W,45,1,2,,,,2,17,2024,,,2,RB,62,
34,,,,2.0,B,32,1,23,,,,4,10,2024,,,2,RB,62,
34,,,,1.0,B,38,1,22,,,,12,14,2024,,,2,RC,45,
34,,,,1.0,W,41,1,22,,,,5,3,2024,,,2,RG,26,
34,,,,1.0,B,30,1,22,,,,8,2,2024,,,2,16,62,
34,,,,2.0,H,36,1,23,,,,7,8,2024,,,1,RA,62,
34,,,,2.0,W,34,1,2,,,,3,3,2024,,,2,RA,62,
34,,,,2.0,B,34,1,23,,,,12,16,2024,,,2,RA,62,
34,,,,2.0,H,31,1,23,,,,8,30,2024,,,8,RA,62,
34,,,,2.0,H,28,1,23,,,,7,8,2024,,,0,RC,62,
34,,,,1.0,H,25,1,22,,,,10,23,2024,,,10,RA,99,
36,,,,2.0,W,34,1,23,,,,6,19,2024,,,1,16,62,
36,,,,2.0,B,47,1,2,,,,4,14,2024,,,1,RA,62,
36,,,,2.0,H,40,1,2,,,,2,24,2024,,,2,RA,62,
36,,,,2.0,H,54,1,2,,,,9,6,2024,,,6,RA,62,
36,,,,1.0,H,41,1,24,,,,6,1,2024,,,2,06,99,
36,,,,2.0,A,36,1,2,,,,6,21,2024,,,8,RA,62,
36,,,,1.0,W,46,1,1,,,,12,5,2024,,,6,RA,62,
36,,,,2.0,H,55,1,23,,,,5,12,2024,,,1,RA,62,
36,,,,1.0,B,45,1,22,,,,12,14,2024,,,7,RB,62,
36,,,,1.0,B,64,1,22,,,,10,27,2024,,,6,RA,62,
36,,,,1.0,B,25,1,22,,,,4,15,2024,,,7,RA,62,
36,,,,1.0,H,26,1,22,,,,2,11,2024,,,6,RB,62,
36,,,,2.0,W,40,1,23,,,,1,30,2024,,,1,RA,62,
36,,,,1.0,W,44,1,22,,,,7,7,2024,,,2,RA,62,
37,,,,2.0,H,38,1,4,,,,1,6,2024,,,2,RB,26,
37,,,,1.0,B,40,1,22,,,,7,12,2024,,,6,RA,62,
37,,,,2.0,W,80,1,4,,,,5,25,2024,,,5,RC,99,
37,,,,2.0,W,78,1,4,,,,7,30,2024,,,5,RD,62,
38,,,,1.0,W,44,1,22,,,,10,30,2024,,,6,01,99,
38,,,,2.0,H,48,1,2,,,,3,24,2024,,,2,RA,62,
39,,,,2.0,H,32,1,23,,,,6,25,2024,,,15,99,62,
39,,,,2.0,W,36,1,23,,,,2,11,2024,,,2,RA,26,
39,,,,2.0,W,83,1,2,,,,10,4,2024,,,2,RC,99,
39,,,,2.0,H,43,1,23,,,,12,23,2024,,,6,RC,99,
39,,,,1.0,W,53,1,1,,,,9,18,2024,,,2,RC,62,
41,,,,2.0,H,31,1,2,,,,12,8,2024,,,6,RB,62,
41,,,,2.0,W,37,1,23,,,,8,4,2024,,,15,RA,45,
43,,,,2.0,A,36,1,2,,,,12,17,2024,,,2,RA,62,
43,,,,2.0,H,49,1,23,,,,8,2,2024,,,0,19,99,
43,,,,2.0,F,36,1,23,,,,2,17,2024,,,6,RB,99,
43,,,,2.0,C,27,1,23,,,,1,16,2024,,,0,RA,99,
44,,,,2.0,H,25,1,23,,,,8,4,2024,,,6,18,62,
44,,,,2.0,U,21,1,23,,,,2,23,2024,,,11,19,62,
45,,,,2.0,W,51,1,2,,,,1,20,2024,,,2,RA,45,
48,,,,1.0,W,53,1,22,,,,4,12,2024,,,6,01,99,
49,,,,2.0,W,38,1,23,,,,11,27,2024,,,2,RA,99,
50,,,,2.0,H,33,1,23,,,,2,16,2024,,,6,16,62,
50,,,,2.0,W,55,1,2,,,,6,24,2024,,,2,RA,62,
50,,,,2.0,H,39,1,23,,,,8,5,2024,,,6,RA,62,
51,,,,2.0,H,38,1,23,,,,8,25,2024,,,11,RA,62,
51,,,,2.0,H,34,1,23,,,,3,16,2024,,,2,RB,40,
54,,,,2.0,W,44,1,4,,,,1,29,2024,,,2,RA,62,
54,,,,2.0,H,43,1,23,,,,8,23,2024,,,6,RA,62,
54,,,,2.0,H,44,1,25,,,,10,11,2024,,,3,RB,62,
54,,,,2.0,H,23,1,23,,,,6,13,2024,,,6,RB,99,
56,,,,2.0,H,35,1,23,,,,3,17,2024,,,1,06,62,
56,,,,2.0,H,34,1,23,,,,9,27,2024,,,6,RA,62,
57,,,,2.0,W,29,1,2,,,,7,11,2024,,,25,RA,62,
58,,,,1.0,W,59,1,22,,,,7,5,2024,,,15,16,99,
